objectPath,objectName,objectType,id
/Explore,Default,Project,1RRX0NzKk4dekQ0IJdV4OT
/Explore/Default,source_team_taskflow,TASKFLOW,3oqWr4gPeielwtydBKfoIF
/Explore/Default,mtt_m_Data_availability,MTT,88YfEo9M7yEhxNsmsuI3CM
/Explore/Default,mtt_SCD_Type_2_date,MTT,86PjJNLAPY9gPxv7GS6IYb
/Explore/Default,Taskflow4,TASKFLOW,4Oc9njLgKP8lhPTSUFnPqi
/Explore/Default,m_SCD_Type2_date,DTEMPLATE,2ZL19BGvkNBjsl1CVRsl02
/SYS,Oracle_Src,Connection,2LdW7Ww5SdtffXGO1SaHIq
/SYS,NIC,AgentGroup,1I9xWhz36z3i9wTLZk2kIG
/SYS,Oracle_Tgt,Connection,bZ736H9PTMofpzieuMwr6n
/Explore/Default,m_Data_availability,DTEMPLATE,67b49XWTcqVbHgvvbkeEmM