{
  "name" : "Taskflow4-1710988776359",
  "sourceOrgId" : "8PjnpH3Hl5ubZ8WVwkRgGT",
  "sourceOrgName" : "NIC IT Academy",
  "exportedObjects" : [ {
    "objectGuid" : "1RRX0NzKk4dekQ0IJdV4OT",
    "objectName" : "Default",
    "objectType" : "Project",
    "path" : "/Explore",
    "metadata" : {
      "modelVersion" : {
        "major" : 0,
        "minor" : 0
      },
      "repoInfo" : null,
      "objectRefs" : [ ],
      "contextAttributes" : [ {
        "name" : "IS_DEF_LOC",
        "value" : "true"
      } ],
      "additionalInfo" : {
        "description" : "Auto-generated Default Project",
        "contentType" : null,
        "documentState" : "COMPLETE"
      }
    }
  }, {
    "objectGuid" : "3oqWr4gPeielwtydBKfoIF",
    "objectName" : "source_team_taskflow",
    "objectType" : "TASKFLOW",
    "path" : "/Explore/Default",
    "metadata" : {
      "modelVersion" : {
        "major" : 1,
        "minor" : 0
      },
      "repoInfo" : {
        "repoHandle" : "ZrQbdqVIKchzt1Y-gt-14793019-2024-03-18T02:33:06.826Z::tf.xml"
      },
      "objectRefs" : [ "86PjJNLAPY9gPxv7GS6IYb", "1I9xWhz36z3i9wTLZk2kIG" ],
      "contextAttributes" : null,
      "additionalInfo" : {
        "description" : "",
        "contentType" : "application/json; charset=utf-8",
        "documentState" : "VALID"
      }
    }
  }, {
    "objectGuid" : "88YfEo9M7yEhxNsmsuI3CM",
    "objectName" : "mtt_m_Data_availability",
    "objectType" : "MTT",
    "path" : "/Explore/Default",
    "metadata" : {
      "modelVersion" : {
        "major" : 0,
        "minor" : 0
      },
      "repoInfo" : {
        "repoHandle" : "012HCZ0Z000000000011"
      },
      "objectRefs" : [ "2LdW7Ww5SdtffXGO1SaHIq", "1I9xWhz36z3i9wTLZk2kIG", "bZ736H9PTMofpzieuMwr6n", "67b49XWTcqVbHgvvbkeEmM" ],
      "contextAttributes" : [ {
        "name" : "id",
        "value" : "@1"
      } ],
      "additionalInfo" : {
        "description" : "",
        "contentType" : "JSON",
        "documentState" : "VALID"
      }
    }
  }, {
    "objectGuid" : "86PjJNLAPY9gPxv7GS6IYb",
    "objectName" : "mtt_SCD_Type_2_date",
    "objectType" : "MTT",
    "path" : "/Explore/Default",
    "metadata" : {
      "modelVersion" : {
        "major" : 0,
        "minor" : 0
      },
      "repoInfo" : {
        "repoHandle" : "012HCZ0Z00000000000M"
      },
      "objectRefs" : [ "2LdW7Ww5SdtffXGO1SaHIq", "1I9xWhz36z3i9wTLZk2kIG", "bZ736H9PTMofpzieuMwr6n", "2ZL19BGvkNBjsl1CVRsl02" ],
      "contextAttributes" : [ {
        "name" : "id",
        "value" : "@1"
      } ],
      "additionalInfo" : {
        "description" : "",
        "contentType" : "JSON",
        "documentState" : "VALID"
      }
    }
  }, {
    "objectGuid" : "4Oc9njLgKP8lhPTSUFnPqi",
    "objectName" : "Taskflow4",
    "objectType" : "TASKFLOW",
    "path" : "/Explore/Default",
    "metadata" : {
      "modelVersion" : {
        "major" : 1,
        "minor" : 0
      },
      "repoInfo" : {
        "repoHandle" : "zUzeA8rJ4pbgchw-gt-17133285-2024-03-18T03:03:40.92Z::tf.xml"
      },
      "objectRefs" : [ "88YfEo9M7yEhxNsmsuI3CM", "3oqWr4gPeielwtydBKfoIF", "86PjJNLAPY9gPxv7GS6IYb" ],
      "contextAttributes" : null,
      "additionalInfo" : {
        "description" : "",
        "contentType" : "application/json; charset=utf-8",
        "documentState" : "VALID"
      }
    }
  }, {
    "objectGuid" : "2ZL19BGvkNBjsl1CVRsl02",
    "objectName" : "m_SCD_Type2_date",
    "objectType" : "DTEMPLATE",
    "path" : "/Explore/Default",
    "metadata" : {
      "modelVersion" : {
        "major" : 0,
        "minor" : 0
      },
      "repoInfo" : {
        "repoHandle" : "012HCZ1700000000000R"
      },
      "objectRefs" : [ "2LdW7Ww5SdtffXGO1SaHIq", "bZ736H9PTMofpzieuMwr6n" ],
      "contextAttributes" : [ {
        "name" : "id",
        "value" : "@1"
      } ],
      "additionalInfo" : {
        "description" : "",
        "contentType" : "JSON",
        "documentState" : "VALID"
      }
    }
  }, {
    "objectGuid" : "2LdW7Ww5SdtffXGO1SaHIq",
    "objectName" : "Oracle_Src",
    "objectType" : "Connection",
    "path" : "/SYS",
    "metadata" : {
      "modelVersion" : {
        "major" : 0,
        "minor" : 0
      },
      "repoInfo" : {
        "repoHandle" : "012HCZ0B000000000002"
      },
      "objectRefs" : [ "1I9xWhz36z3i9wTLZk2kIG" ],
      "contextAttributes" : [ {
        "name" : "id",
        "value" : "@1"
      } ],
      "additionalInfo" : {
        "description" : null,
        "contentType" : "JSON",
        "documentState" : "COMPLETE"
      }
    }
  }, {
    "objectGuid" : "1I9xWhz36z3i9wTLZk2kIG",
    "objectName" : "NIC",
    "objectType" : "AgentGroup",
    "path" : "/SYS",
    "metadata" : {
      "modelVersion" : {
        "major" : 0,
        "minor" : 0
      },
      "repoInfo" : {
        "repoHandle" : "012HCZ25000000000002"
      },
      "objectRefs" : [ ],
      "contextAttributes" : [ {
        "name" : "id",
        "value" : "@1"
      } ],
      "additionalInfo" : {
        "description" : null,
        "contentType" : "JSON",
        "documentState" : "VALID"
      }
    }
  }, {
    "objectGuid" : "bZ736H9PTMofpzieuMwr6n",
    "objectName" : "Oracle_Tgt",
    "objectType" : "Connection",
    "path" : "/SYS",
    "metadata" : {
      "modelVersion" : {
        "major" : 0,
        "minor" : 0
      },
      "repoInfo" : {
        "repoHandle" : "012HCZ0B000000000003"
      },
      "objectRefs" : [ "1I9xWhz36z3i9wTLZk2kIG" ],
      "contextAttributes" : [ {
        "name" : "id",
        "value" : "@1"
      } ],
      "additionalInfo" : {
        "description" : null,
        "contentType" : "JSON",
        "documentState" : "COMPLETE"
      }
    }
  }, {
    "objectGuid" : "67b49XWTcqVbHgvvbkeEmM",
    "objectName" : "m_Data_availability",
    "objectType" : "DTEMPLATE",
    "path" : "/Explore/Default",
    "metadata" : {
      "modelVersion" : {
        "major" : 0,
        "minor" : 0
      },
      "repoInfo" : {
        "repoHandle" : "012HCZ17000000000018"
      },
      "objectRefs" : [ "2LdW7Ww5SdtffXGO1SaHIq", "bZ736H9PTMofpzieuMwr6n" ],
      "contextAttributes" : [ {
        "name" : "id",
        "value" : "@1"
      } ],
      "additionalInfo" : {
        "description" : "",
        "contentType" : "JSON",
        "documentState" : "VALID"
      }
    }
  } ]
}