objectPath,objectName,objectType,id
/Explore/Weekday_CDI/Dev,m_Normalizer,DTEMPLATE,8iODSKGSi6clWhjae3AMmQ
/Explore/NiC IT Academy/Dev,m_Connected_SP,DTEMPLATE,0n5kbfIjAhKdkPyxSmrR4R
/Explore/Weekday_CDI/Dev,m_Employees_XML,DTEMPLATE,6ZjMLYRS4UrkE9DuNFHDYj
/Explore,Default,Project,1NeHzdz8ci4kJOHCUqXlE0
/Explore/NiC IT Academy/Dev,m_dummy,DTEMPLATE,5ffd41VfngXiejVKGyyuGQ
/Explore/Weekday_CDI/Dev,Hierarchical Schema1 JSON Product,HSCHEMA,43KXDfS7A6khO92IimZpy7
/Explore/Weekday_CDI/Dev,m_Source_Transformation,DTEMPLATE,5Ebabg3B2EUjYTO7WMtgA6
/Explore/NiC IT Academy/Dev,Fixed-Width File Format1,FWCONFIG,cQ5cyAEQ1UfkIfLkqPuDET
/Explore/NiC IT Academy/Dev,Hierarchical Schema2,HSCHEMA,aJR0mEAq9VAjwDJYXDMqQJ
/SYS,Oracle_Src1,Connection,8pZ1dJA23uCjVxqyL45fwy
/Explore/NiC IT Academy/Dev,Mapping4,DTEMPLATE,fcxRFHOSqYai7HL1XEnpUM
/SYS,NIC,AgentGroup,9j5HKZNJy1OjbHawsFxTyF
/SYS,salesforce_conn,Connection,6hX8MhKqvmEj5GSeIHJn0O
/Explore/Default,m_API_CALL_Covid_Data,DTEMPLATE,3DTCJYW5mZNil1mzj0mzQK
/Explore/Weekday_CDI/Dev,m_S_FF_Employees_Unicode,DTEMPLATE,jcohMumvlwcfhy0m89LL6Y
/Explore/Default,m_Webservice_Transformation,DTEMPLATE,6YzwZxgxf8GdbAyyyQLBaV
/Explore/NiC IT Academy/Dev,m_Dense_Rank2,DTEMPLATE,9VHtP72KXIChMzC7gSunYP
/SYS,GCS_SEP,Connection,ihjgRAUzraFhlZpmdOe50Z
/Explore/Default,ism,STRUCTURE_DISCOVERY,eaCimR2nTAFbNiK1Ov4EKY
/Explore/Default,Business Service Books,BSERVICE,2d80HNuZW5ll0BVMSlxRel
/Explore/Weekday_CDI/Dev,m_T_FF_Employees,DTEMPLATE,eGSes5YuUaHgOBf1t7Gpee
/Explore/Default,FileEvent,AI_CONNECTION,7PKZgHCKIzihrD9fEy422X
/Explore/NiC IT Academy/Dev,Hierarchical Schema1,HSCHEMA,3zzxRC95fiYhvQoLkkVVQ5
/Explore/NiC IT Academy/Dev,m_Router_Transformation,DTEMPLATE,4LHSVmn0Xs2i9VaNAF8Csq
/Explore/Weekday_CDI/Dev,m_Expression_Transformation,DTEMPLATE,3ccmE08satClgoZ6s2RQQB
/Explore/Weekday_CDI/Dev,m_XML_MM,DTEMPLATE,gG3JWKFffU6hJZsmasF4wv
/Explore/Default,Mapping12,DTEMPLATE,f0sLKF7RhISfJ5AWC1bVAw
/SYS,S_FF,Connection,0zF5FbpeaT6bydUUwTFoIE
/Explore/Weekday_CDI/Dev,m_Router_Transformation,DTEMPLATE,9hY7Qt1KoX5dXccGwsXMqY
/Explore/Default,customerdata,PROCESS_OBJECT,0Iep5gIw5I0bS1jwq87oWC
/Explore/NiC IT Academy/Dev,m_S_FF_Employees,DTEMPLATE,ifbMHvMyi6BfXfqAVx6rEc
/Explore/Weekday_CDI/Dev,Mapping16,DTEMPLATE,32JIs8St3CnbqnAhdZCo8s
/SYS,Snowflake_CORE_DB,Connection,8Dm42oMrsY7idcvgMq5zOH
/SYS,S_FF_Connection_mm-dd-yyyy,Connection,7aCz01dPsQfbDRNSKn7GGc
/Explore/Default,m_Employees_Snowflake,DTEMPLATE,d0MuwvJ5l0Kf5j3kAhIfwu
/Explore/NiC IT Academy/Dev,m_Shard_Seq1,DTEMPLATE,5ExrZcWGR2Sb99bjKqvxqx
/Explore/Weekday_CDI/Dev,Fixed-Width File Format3,FWCONFIG,7Z85vvnSWgscJprsmngbKf
/Explore/NiC IT Academy/Dev,m_S3_to_Oracle_EMP,DTEMPLATE,4Rcnq2K2jvDkUPIjyJdXet
/SYS,GCP_IICS17_HR_DB,Connection,crOhV5N0o6VlamAxk7lDY7
/Explore/Weekday_CDI/Dev,m_AWS_Oracle_S3,DTEMPLATE,4CJeiIN0dGEjpx5XKVTDia
/SYS,Google_cloud_Tgt_DB,Connection,1PpHmTLX55klPqqLqSJtuL
/Explore/NiC IT Academy/Dev,m_lookup_policy2,DTEMPLATE,7Yd9rJ1dXicisC3G5Zb3wL
/Explore/Weekday_CDI/Dev,SharedSequence1,SequenceGenerator,7BKjVqF1XdyfA4xP59O1yA
/Explore/Default,FileEvent11,AI_CONNECTION,aoSFY3JnYQZbrmgZqJzhou
/SYS,Rest V2 Covid3,Connection,5RwYlsjmNyvkKUHjETh7Ah
/Explore/NiC IT Academy/Dev,m_Aggregator,DTEMPLATE,fUKaHq2ASusdVBRvi0imY5
/Explore/NiC IT Academy/Dev,Mapping1,DTEMPLATE,3bVyxpr3VmThi4cZvTVzmU
/Explore/NiC IT Academy/Dev,Mapping9,DTEMPLATE,5z8e23iwfhFiKeXxZUDfIU
/Explore/Weekday_CDI/Dev,m_Sorter,DTEMPLATE,9720CCbkuE6g79VJqMYCwI
/Explore/Default,Mapping10,DTEMPLATE,9CQjfwlnUifljyzvMzEFea
/Explore/Weekday_CDI/Dev,m_Snowflake_GCS,DTEMPLATE,kscVoe6dcUXijW21KmhSsP
/SYS,Oracle_Tgt,Connection,4MBb0Q9DLmlcPP6P1Ij2gf
/Explore/NiC IT Academy/Dev,m_S_Ff_Employees_Unicode,DTEMPLATE,6shmZaXSUWGlbyQyzzmNat
/Explore/Default,p_Process_Object,PROCESS,0B1bBopfX8DeP3RD4VC12X
/Explore/NiC IT Academy/Dev,m_Expression_Transformation,DTEMPLATE,9hMCvlFQCasjORkGANTTsY
/Explore/NiC IT Academy/Dev,Mapping7,DTEMPLATE,kGGf8ngQDcJeS7ybolWK0J
/Explore/Weekday_CDI/Dev,m_GCP_Bigquery,DTEMPLATE,132bLtDYKG6bO4QEgQsYEk
/Explore/NiC IT Academy/Dev,m_Target,DTEMPLATE,0BZZtambv6Nkt9DsCUmAa2
/SYS,T_FF_CONN,Connection,90Tvx2CUjSNlN2qTvjtQkO
/Explore/NiC IT Academy/Dev,m_Expression_Macros1,DTEMPLATE,b4VzEjgb4eHcvD4UTIizaX
/Explore/NiC IT Academy/Dev,m_Json_Product,DTEMPLATE,4XUiRut294nfgvJDSwiKsL
/Explore/NiC IT Academy/Dev,m_Expression_Transformation_gcp,DTEMPLATE,di6Nd1tKOERcH1rPuk4Ikn
/Explore/NiC IT Academy/Dev,m_Fixed_Width_File,DTEMPLATE,dJdtMORsQEBbDHXmuwEmEg
/SYS,AWS-S3-IICS17,Connection,2uCAjajKcAMd70mj9QnYQp
/Explore/NiC IT Academy/Dev,Shared_Sequence1,SequenceGenerator,4mxlHzo4A4jlfqWgXsjUIJ
/Explore/NiC IT Academy/Dev,ISM_EMP_TXN,STRUCTURE_DISCOVERY,53yfIPXsHXpfTjZP5Sktcu
/Explore/Weekday_CDI/Dev,Mapping15,DTEMPLATE,feS16twYMY9ji3uaF1ENcR
/Explore/Weekday_CDI/Dev,m_Unconnected_lookup,DTEMPLATE,7j3dwqi4eOJje40MbMqL2Q
/Explore/NiC IT Academy/Dev,m_Union_Transformation,DTEMPLATE,ach24zIFa7hfHiiMVlI6yQ
/Explore/NiC IT Academy/Dev,Mapping5,DTEMPLATE,eewCjK1a5C0eZ6UjVe3lEN
/Explore/Weekday_CDI/Dev,mt_Sequence_Generator,MTT,ch5oQLWClUleYsETlh9pwr
/Explore/Weekday_CDI/Dev,m_AWS_S3_T_FF_EMP,DTEMPLATE,17nEho8ES4YgjGFiWEFrSS
/Explore/Default,mt_TC,MTT,4uishLSAP09co6k1gVLv6B
/Explore/Default,Process4,PROCESS,0uF4FtGZjYCcqv4lwhUj4e
/Explore/Weekday_CDI/Dev,m_Filter_Transformation,DTEMPLATE,408E2spnqXNgXYXPfczg4c
/Explore/Default,Process1,PROCESS,8SNoVy7ITc4h714jFiWLih
/Explore/Weekday_CDI/Dev,m_AWS_Source,DTEMPLATE,0HNaxEtDispep0UKdR5dcV
/Explore/Weekday_CDI/Dev,mt_Expression_Macros,MTT,9aq0HvVIr44dTbUjHWnAwk
/Explore/Weekday_CDI/Dev,mt_Expression_Macros21,MTT,j4E4t0Pdpe1lhaCs6W4cs7
/Explore/Weekday_CDI/Dev,m_Product_JSON,DTEMPLATE,bwXsKmpWD04cS3DdzIties
/SYS,Snowflake_TARGET_DB,Connection,4uj6MWgT3LacEEChHB0Fsp
/SYS,Oracle_Src,Connection,bSk7aunCsuthOQnyNLQ1gh
/SYS,Orcl_Src,Connection,acwC87xmks8jB0DZksTMyf
/Explore/Default,m_Rank_Transformation,DTEMPLATE,g67GhcO9WU7j2TTtG31Wym
/SYS,T_FF_CONN_EMP,Connection,3WPnTIn3BYQiR76KwJ7AeJ
/Explore/NiC IT Academy/Dev,m_Sequence_Generator,DTEMPLATE,36XvYcZGg9Fh3CuYdMdQm0
/Explore/Weekday_CDI/Dev,m_File_List_Employees_Data,DTEMPLATE,38jZwDRLv8VjS7UAioLc0E
/SYS,Rest V2,Connection,3rOOqgplBYJgGJV7G9vZKv
/SYS,AWS-S3,Connection,0g3ucO4gZg9cuBTNORwf2c
/SYS,Snowflake_HR_DB,Connection,6HIHnrUvQxPfivn5JrR3my
/Explore/Default,Process3,PROCESS,g927AZRL1ESdGlHVSR6vCd
/Explore/Weekday_CDI/Dev,m_Lookup_Policy,DTEMPLATE,0YTf99AFgWXh0MPUKSuZU6
/SYS,GCP_Tgt_DB,Connection,2GzEcjhgTUQehU1JRpZrgp
/Explore/NiC IT Academy/Dev,m_Lookup_Transformation,DTEMPLATE,0fMqyfHQ0G7g5W7sBJA1UG
/Explore/Weekday_CDI/Dev,emp_txn_ISM,STRUCTURE_DISCOVERY,7ZUguCkE0bics9CSqsu98F
/Explore/NiC IT Academy/Dev,m_T_FF_Employees,DTEMPLATE,4cXaeCXTtfFeo7DjbRnako
/Explore/Weekday_CDI/Dev,mt_shared_seq1,MTT,0waChP8aPsQl6ZGLeDysQm
/Explore/Default,Mapping18,DTEMPLATE,dTA9oBirMSklWfbAbXKCG6
/SYS,Rest V2_covid,Connection,7UuoBvCG1cYivUdVa3SBcN
/Explore/NiC IT Academy/Dev,m_File_List_Employees,DTEMPLATE,4xp3uztc7QmflvOTyZPZaE
/Explore/NiC IT Academy/Dev,m_Source_Transformation,DTEMPLATE,5WbYgdi11o1lJ55th4fUkX
/Explore/NiC IT Academy/Dev,m_Multiple_Return_port,DTEMPLATE,6BTm2khmoyyb5ZTgQBKbsd
/Explore/Default,m_Aggregator,DTEMPLATE,a0VerqNVcSTlmnoVvMuVAY
/Explore/NiC IT Academy/Dev,m_UnConnected_SP,DTEMPLATE,2uVYhjpubS2hLXb7bFfcwS
/Explore/Weekday_CDI/Dev,m_EMP_TXN_excel_source,DTEMPLATE,37UslLEkiEMi3AUWoo4LkO
/Explore/Default,fileEvent2,AI_CONNECTION,1mpeAEOc6oZg1I0nK4zzYy
/Explore/Default,m_filter_Transformation,DTEMPLATE,5DAk5nqinrFb3SDEtlGvcy
/Explore/Default,mt_source_Transformation,MTT,0ZPy51IkgoJiW390CPu6I0
/Explore/Weekday_CDI/Dev,m_Fixed_Width_File_Customer,DTEMPLATE,26uBC1AKnYglW7SW6qhbq3
/Explore/Weekday_CDI/Dev,Mapping13,DTEMPLATE,2l2NUinzLQNkE2NSURHG8T
/Explore/Weekday_CDI/Dev,mt_shared_seq2,MTT,6o4Aec101McbNkT2Ro9SsL
/Explore/NiC IT Academy/Dev,m_Ora_To_GCP_BG_Employees,DTEMPLATE,8xPo06bZhNpil80xBqC82b
/Explore/NiC IT Academy/Dev,m_Sorter_Transformation,DTEMPLATE,4Qsc1PFriyndnJgIWACncK
/Explore/Weekday_CDI/Dev,m_Snowflake_Data_Load_EMP,DTEMPLATE,9okOqieZXOklKTMrwx3IOh
/Explore,NiC IT Academy,Project,aOEMBA0MIyMetpSBxhv6aD
/Explore/Default,Mapping11,DTEMPLATE,2KerLnk9lMeeIKx4XNyzwp
/Explore/NiC IT Academy/Dev,Hierarchical Schema3,HSCHEMA,5qCWR6wsCMIcPJLakshg2x
/Explore/NiC IT Academy/Dev,Replication Task1,DRS,lcoMTAWyuuCbkPqeD2GsYI
/SYS,AWS_ED_SEP,Connection,8rmhe30DeoBdh85Xv01mEj
/Explore,Weekday_CDI,Project,knDmUGkSCCyf1ztKtMRRyx
/Explore/Weekday_CDI/Dev,m_shared_seq2,DTEMPLATE,6wwFudprRnei5AkrRWyFok
/Explore/Weekday_CDI/Dev,Mapping14,DTEMPLATE,gnx0bKyXXCPcLfeZY8deM8
/Explore/Weekday_CDI/Dev,Mapping17,DTEMPLATE,2vpoFAYdaCdgALE6p1SkkA
/Explore/Weekday_CDI/Dev,m_Load_4th_record,DTEMPLATE,hhdVPOnduACdwOarCDvw0n
/Explore/NiC IT Academy/Dev,m_Test_Mapping,DTEMPLATE,2KWqKArnksBlteIMqQStq9
/Explore/Default,Process2,PROCESS,5Yy718Z5Tp4l2D9F75TR0h
/Explore/Weekday_CDI/Dev,m_First_Mapping,DTEMPLATE,a3q03GbignriH1gjnPrP8D
/Explore/Weekday_CDI/Dev,m_aggregator,DTEMPLATE,fsmhGnL9SAYkN77g12cwex
/Explore/NiC IT Academy/Dev,m_Excel_EMP_TXN,DTEMPLATE,4cKJXm6s66DhHSvnFEEQSD
/Explore/Default,p_get_user_information,PROCESS,eou9IE7n903bbuB0cTNP2g
/Explore/Default,Business_Service3,BSERVICE,dO7vGgKrGmceIbxTQAXbKn
/Explore/Default,m_router,DTEMPLATE,cIG31PDBpyxixIGMwaNTMR
/Explore/Weekday_CDI/Dev,Hierarchical Schema5,HSCHEMA,5xSSETftSkZlLbpm32v7yq
/Explore/NiC IT Academy/Dev,m_SQL_Transformation,DTEMPLATE,0Z76pF1t6QpbIx1TSsxaUk
/Explore/NiC IT Academy/Dev,m_Unconnected_Lookup1,DTEMPLATE,27vhnUomKA7foic3SnsVgn
/Explore/Default,p_calculator_addition,PROCESS,2vis3VyGhQBfsCdpfcdlUF
/Explore/NiC IT Academy/Dev,m_Joiner_Transformation,DTEMPLATE,8wOwzBLoIz3hLtqyo5wzip
/Explore/NiC IT Academy/Dev,m_Filter_Transformation,DTEMPLATE,1V1986CHGm0iISAT8lOq0s
/Explore/NiC IT Academy/Dev,Mapping8,DTEMPLATE,6oy67AgmrG7cnpCLq6toQf
/SYS,Source_File,Connection,5FcdMT6Zrupda0PDMfi0Ug
/Explore/Default,p_FileBasedEvent,PROCESS,881gJB6CdtkhMdT4VDuGa5
/Explore/Default,m_Snowflake_To_GCP,DTEMPLATE,4PW03sLtZWUjxxID7Tr8Q7
/Explore/Weekday_CDI/Dev,m_S3_Oracle_Employees,DTEMPLATE,eYO5QRsoFYgc5f9GQkgU05
/Explore/Weekday_CDI/Dev,m_Target,DTEMPLATE,6dzltNvsywRkbA30LXMCsa
/Explore/NiC IT Academy/Dev,m_Lookup_policy,DTEMPLATE,1Q8NLAJkWtajr0D94Xdwa4
/Explore/NiC IT Academy/Dev,Business Service1,BSERVICE,6rg62pzp1fYhEKk0RgrGI2
/Explore/Default,m_SQL_Transformation,DTEMPLATE,9aUkyBYf9QYlzffsgK6xGG
/Explore/NiC IT Academy/Dev,m_Oracle_To_BiGQuery_Emp,DTEMPLATE,6jHEeErwFXLczOXQnTwDs1
/Explore/NiC IT Academy,Dev,Folder,0HZmNITfnRNbWjIId1fDmb
/Explore/Weekday_CDI/Dev,m_S_FF_Employees,DTEMPLATE,1smwV7WC2eTi1eV0Rz60af
/Explore/Default,m_Transaction_Control,DTEMPLATE,4vOHVK5AqOik02xQlyrT25
/Explore/Weekday_CDI/Dev,m_shared_seq1,DTEMPLATE,eMjP3Tf9vc8hp5Lhhiaywh
/Explore/Weekday_CDI/Dev,m_Expression,DTEMPLATE,bPhWBGCAXqSjmQbJokTm2Z
/Explore/NiC IT Academy/Dev,Fixed-Width File Format2,FWCONFIG,9ptV8QV1Cucg0yT5Wff1cb
/Explore/Weekday_CDI/Dev,Hierarchical Schema4,HSCHEMA,0B5UL2t016lhcF9taBGriJ
/Explore/NiC IT Academy/Dev,m_Load_every_4th_record,DTEMPLATE,7JTSpZhSzY1k2IwgvTPpSP
/SYS,Rest_V2_Books,Connection,7DvuWmWQVwMgLjGkbk61oP
/Explore/Default,Business Service1,BSERVICE,kGlMPd0AHm5ixQeM8CKOe5
/Explore/NiC IT Academy/Dev,m_Oracle_to_Snowflake_EMP,DTEMPLATE,0egBUKaRAzRicwVVDEU7Q0
/Explore/Default,m_connected_SP,DTEMPLATE,dvXpSYGSwymfbEHqQZ3C4f
/Explore/Weekday_CDI/Dev,m_Target_SCD_Type1,DTEMPLATE,9N1tOfRiXtDlRO7bJ1k1qG
/Explore/NiC IT Academy/Dev,m_Customer_SCD_Type1,DTEMPLATE,2FK9D2KHXwdiftux5so2a4
/Explore/Weekday_CDI/Dev,m_Connected_Lookup,DTEMPLATE,hSX912XZ8K2hcCnsV3CGuE
/Explore/NiC IT Academy/Dev,m_one_to_one,DTEMPLATE,8cIxNQ9qPl9j11cb1WK4sU
/Explore/Default,m_Sorter,DTEMPLATE,6UueyoXImw5cieJjxF6d6G
/Explore/Weekday_CDI,Dev,Folder,5IhwHGs660lcJX2HbgEVGN
/Explore/Weekday_CDI/Dev,m_Java_Transformation,DTEMPLATE,6d9ydx2wu4Db1WnxUCxsek
/Explore/NiC IT Academy/Dev,m_Expression_Transformation2,DTEMPLATE,7hsg5GJolhsjWUgZoe2lio
/Explore/NiC IT Academy/Dev,m_Connected_Lookup1,DTEMPLATE,6V0YWpbqIU2hiVpK6MjwQZ
/Explore/NiC IT Academy/Dev,Mapping3,DTEMPLATE,2SwatgQhszogbCOBdmNJ0R
/Explore/NiC IT Academy/Dev,Mapping6,DTEMPLATE,97HmCh7dNCulI5XilGhBgR
/SYS,GCP_BG_SEP,Connection,g7508dHGzuRifNxfeiIJmD
/Explore/Weekday_CDI/Dev,mt_File_List_Employees_Data,MTT,eFfGcwjyzygg69Tfw3BQai
/SYS,GCS,Connection,1Oiv6E99IH2eIwNkLWMvUn
/Explore/Default,mplt_epoch_conversion,DMAPPLET,7JFwSPiv5qSbORDWAFEg28
/Explore/NiC IT Academy/Dev,Synchronization Task1,DSS,3dxVPZdM4BjgpUS3cC9peq
/Explore/NiC IT Academy/Dev,m_shared2,DTEMPLATE,kca2zOAWjA6hvlfVswTuKt
/Explore/Weekday_CDI/Dev,m_macros,DTEMPLATE,0vlTLNpwqUEhG0HLdViykN
/Explore/Default,m_Source_Transformation,DTEMPLATE,0txS56wslwycSUpcmKeQcD
/Explore/Weekday_CDI/Dev,m_sequence_gen,DTEMPLATE,hPA8jhdmUGWjw7fDdYB06K
/Explore/NiC IT Academy/Dev,Mapping2,DTEMPLATE,9zd8bsCI6EmeWxtyQTSt0H
/Explore/NiC IT Academy/Dev,SharedSequence11,SequenceGenerator,aQVX84OtxWFiTSN40sotyf
/Explore/Weekday_CDI/Dev,mt_S_FF_Employees_Data,MTT,iBOK78h0byqkZkKdO7Jxmo
/SYS,Orcl_Tgt,Connection,aiWmGYGtOu7hq9uSBwv0qn
/Explore/Default,Mapping1,DTEMPLATE,1YdNoWX5aENgxNrd4WjyWb
/Explore/Weekday_CDI/Dev,m_Expression_macros,DTEMPLATE,4SB47hYX8OclXXYIZQx2Ey