objectPath,objectName,objectType,id
/Explore/Default,m_Dense_Rank,DTEMPLATE,ahb5mA0zuTai4otfQgDTMc
/Explore/Default,Hierarchical Schema1,HSCHEMA,41tTVtMPmevbQK8fX2lKm9
/Explore/Payments/Dev,m_S_FF_Employees_Data,DTEMPLATE,7piSRnO6VcUj4WCReYaaeZ
/SYS,GCP_BigQuery,Connection,4krpPXcedCEb4QzHUJaagi
/Explore/Default,Hierarchical Schema2-XML,HSCHEMA,5NaD3Mw7fikkj1UqtaD8K8
/SYS,salesforce_conn,Connection,6udPcDJi4XHbtbseEIOrU4
/Explore/Default,m_Router_Transformation,DTEMPLATE,0Btx4GRjp0ghhJrq67mNIX
/Explore/Default,m_Snowflake_Data_load,DTEMPLATE,4bwvNSCHdAzh1NHwqVcNSC
/Explore/Default,m_Expression_macros,DTEMPLATE,9qDCtIGaU22idAXySOR9qs
/Explore/Default,m_Source_Query,DTEMPLATE,3NkTVWUQzL9iMc303PKZk4
/SYS,NIC,AgentGroup,2cO9chaMP8pjQ8AaNVqbKq
/Explore/Default,m_Shared_seq1,DTEMPLATE,gH2XdulrjSLeuS3m4AFjOG
/Explore/Default,m_Union,DTEMPLATE,bNoSYxMn4eMlMPDJXGhcEU
/Explore/Default,Fixed-Width File Format3,FWCONFIG,4DSZL8ESkCjftUDN37OgOZ
/Explore/Default,m_Employees_data_load,DTEMPLATE,120oH82muAngg5qJgeDXqD
/Explore/Default,m_Oracle_S3,DTEMPLATE,56ipYkH0lkakujY6loE38f
/Explore/Default,m_Sequence_Generator,DTEMPLATE,8m7A88o3LYdgBZS7EJXfsa
/Explore/Default,m_Excel_Source_EMP_TXN_Data,DTEMPLATE,di4zMRAqhiIjNoXv2lKz0k
/Explore/Payments/Dev,ISM_EMP_TXN,STRUCTURE_DISCOVERY,3JBxPfl2B2JcmikiD5Bm2U
/Explore,Training,Project,1KoK3CqnxkKgpXX9IroW4d
/Explore/Default,m_Joiner,DTEMPLATE,0fl663DkxQMkKqNnkkXOIz
/Explore,Default,Project,26EsQffHLmgcyiwHzirEUZ
/Explore/Default,Shared Sequence1,SequenceGenerator,9yzD1FdvfXecM0DvZxq6yR
/Explore/Default,m_Json_product_data,DTEMPLATE,2yUD29pHnYBcO0mPseGMg1
/Explore/Default,m_Source_Joiner,DTEMPLATE,egs0GxPAsELjvf0DZTo40g
/Explore/Default,m_Expression_Transformation,DTEMPLATE,72dsAJ7FVQekuz9UltPzIS
/Explore/Default,Mapping1,DTEMPLATE,20JfZnBINc7cA3bVOO6EKK
/Explore/Default,m_Source_Transformation,DTEMPLATE,6oeiROTFIjWh4XdW3tGSKT
/SYS,GCS,Connection,lpD82KDsi2ncsZmgItkeON
/SYS,snowflake_conn,Connection,620L4OSimrwl8x3D8hE7o3
/Explore/Default,T_FF_Employees,DTEMPLATE,5gDfEGnu0YDdUIvkEdF90Z
/Explore/Default,m_Sorter_Transformation,DTEMPLATE,4w5NpYnuCa4hAoUKsujaiN
/Explore/Default,m_Aggregator,DTEMPLATE,alge4CqihLsl5HPFFYaISj
/Explore/Default,m_Rank_Transformation,DTEMPLATE,9aU459Bn05Ze8EIHOGtjUK
/Explore/Default,m_Salesforce_Source,DTEMPLATE,4LGiotUL18Rjlr3vI2NgIH
/Explore/Payments,Dev,Folder,fGV28zHN5whg0A1Ik0rIS5
/Explore/Payments/Dev,m_Employees_data_load,DTEMPLATE,0xy0vCYcVaxdlIMRE4wrE6
/Explore/Payments/Dev,m_Fixed_width,DTEMPLATE,1yzViRF6TnTi3V54vIuuKU
/Explore/Default,m_shared_seq,DTEMPLATE,8ryr1kGzW2Af43QV6Nnpkm
/Explore/Payments/Dev,mt_S_FF_EMployees,MTT,9KHASSR0jMCbI9MDVPmD6p
/Explore/Default,m_Load_every_4th_record,DTEMPLATE,30jwFil5olGbMEdlJHGSci
/Explore/Default,mtt_Expression_Macros,MTT,7t8nUDoCPP4fXXiWR3XXka
/Explore/Default,m_EMP_XML_Output,DTEMPLATE,4cI3BEAhRyll67h6c0DpQb
/Explore/Payments/Dev,mct_Employees_data_load,MTT,abJAw3q1IK9hDNiyYjo66d
/Explore/Payments/Dev,Fixed-Width File Format1,FWCONFIG,cGcxotmstQQl9TROE6rtSe
/Explore/Payments/Dev,m_File_List,DTEMPLATE,bgb1LONEW4wh7QPqI0jP6P
/SYS,Oracle_Src,Connection,8QDUsUlA2oHl0OVmD7r6Gr
/Explore/Default,m_GCS_Oracle,DTEMPLATE,lyWQqJirKmZcifKQ99SscY
/Explore/Payments/Dev,m_Unicode_characters,DTEMPLATE,1It9s6Co3t2b5MvUKUEEuS
/Explore/Payments/Dev,mt_file_list,MTT,fYWFSMaPvgDhrR00lJyGaK
/Explore/Default,mt_shared_seq1,MTT,87MxtiMrktqkmhqcWdQc8P
/Explore/Payments/Dev,T_FF_Employees,DTEMPLATE,awWGcqaK239djrDsbVPXYa
/SYS,AWS-S3,Connection,bW4san3mIMvhlJJrF1O2G4
/SYS,Oracle_Tgt,Connection,4dWgW8S5YR1iacSDOCTfsf
/Explore,Payments,Project,hANkKAWsDArdNutqLdOsOI
/Explore/Default,Mapping2,DTEMPLATE,21DabziPwDEb3Y2Fiog6cP
/Explore/Default,m_XML_Data,DTEMPLATE,iSM1jbPqIOhh8jkMEBXPky
/Explore/Default,mt_shared_seq2,MTT,4x7sUfCZITDji2PmCUEgQp
/Explore/Default,Fixed-Width File Format2,FWCONFIG,7zoNKWj41uIlh3ly68CA2k
/Explore/Default,m_Filter_Transformation,DTEMPLATE,dWyTu2VLfaie8FMF4LoNo1
/Explore/Default,Hierarchical Schema2-EMP,HSCHEMA,92qgMbh2q8RcqNK93RPu2R
/SYS,Source_FF_Conn,Connection,2FLGhbHHKMFjt7VeaLm2i4
/SYS,Target_file_conn,Connection,8cjtWzqGcuYc6XNwajeVQ8
/Explore/Default,mct_Sequence_Generator,MTT,9fvL8dzsBcZjQYPoPc8DQD
/Explore/Default,m_Oracle_BiQuery,DTEMPLATE,664N5HkIHLOeKxkPZrVouE
/Explore/Default,T_FF_Employees - Copy 1,DTEMPLATE,15Qe3jgrRaibNPSi9V1xcB
/Explore/Default,m_S3_Oracle,DTEMPLATE,bvp5fNLdAg7ck3jXFepOCh