{
  "name" : "job-1715218529432",
  "sourceOrgId" : "6saSDj1aPcXby6Lpju9o2M",
  "sourceOrgName" : "NIC IT Academy",
  "exportedObjects" : [ {
    "objectGuid" : "ahb5mA0zuTai4otfQgDTMc",
    "objectName" : "m_Dense_Rank",
    "objectType" : "DTEMPLATE",
    "path" : "/Explore/Default",
    "metadata" : {
      "modelVersion" : {
        "major" : 0,
        "minor" : 0
      },
      "repoInfo" : {
        "repoHandle" : "012JH11700000000000Z"
      },
      "objectRefs" : [ "8QDUsUlA2oHl0OVmD7r6Gr", "4dWgW8S5YR1iacSDOCTfsf" ],
      "contextAttributes" : [ {
        "name" : "id",
        "value" : "@1"
      } ],
      "additionalInfo" : {
        "description" : "",
        "contentType" : "JSON",
        "documentState" : "VALID"
      }
    }
  }, {
    "objectGuid" : "41tTVtMPmevbQK8fX2lKm9",
    "objectName" : "Hierarchical Schema1",
    "objectType" : "HSCHEMA",
    "path" : "/Explore/Default",
    "metadata" : {
      "modelVersion" : {
        "major" : 0,
        "minor" : 0
      },
      "repoInfo" : {
        "repoHandle" : "012JH136000000000002"
      },
      "objectRefs" : [ ],
      "contextAttributes" : [ {
        "name" : "id",
        "value" : "@1"
      } ],
      "additionalInfo" : {
        "description" : "",
        "contentType" : "JSON",
        "documentState" : "VALID"
      }
    }
  }, {
    "objectGuid" : "7piSRnO6VcUj4WCReYaaeZ",
    "objectName" : "m_S_FF_Employees_Data",
    "objectType" : "DTEMPLATE",
    "path" : "/Explore/Payments/Dev",
    "metadata" : {
      "modelVersion" : {
        "major" : 0,
        "minor" : 0
      },
      "repoInfo" : {
        "repoHandle" : "012JH11700000000000A"
      },
      "objectRefs" : [ "2FLGhbHHKMFjt7VeaLm2i4", "4dWgW8S5YR1iacSDOCTfsf" ],
      "contextAttributes" : [ {
        "name" : "id",
        "value" : "@1"
      } ],
      "additionalInfo" : {
        "description" : "",
        "contentType" : "JSON",
        "documentState" : "VALID"
      }
    }
  }, {
    "objectGuid" : "4krpPXcedCEb4QzHUJaagi",
    "objectName" : "GCP_BigQuery",
    "objectType" : "Connection",
    "path" : "/SYS",
    "metadata" : {
      "modelVersion" : {
        "major" : 0,
        "minor" : 0
      },
      "repoInfo" : {
        "repoHandle" : "012JH10B000000000009"
      },
      "objectRefs" : [ "2cO9chaMP8pjQ8AaNVqbKq" ],
      "contextAttributes" : [ {
        "name" : "id",
        "value" : "@1"
      } ],
      "additionalInfo" : {
        "description" : null,
        "contentType" : "JSON",
        "documentState" : "COMPLETE"
      }
    }
  }, {
    "objectGuid" : "5NaD3Mw7fikkj1UqtaD8K8",
    "objectName" : "Hierarchical Schema2-XML",
    "objectType" : "HSCHEMA",
    "path" : "/Explore/Default",
    "metadata" : {
      "modelVersion" : {
        "major" : 0,
        "minor" : 0
      },
      "repoInfo" : {
        "repoHandle" : "012JH136000000000003"
      },
      "objectRefs" : [ ],
      "contextAttributes" : [ {
        "name" : "id",
        "value" : "@1"
      } ],
      "additionalInfo" : {
        "description" : "",
        "contentType" : "JSON",
        "documentState" : "VALID"
      }
    }
  }, {
    "objectGuid" : "6udPcDJi4XHbtbseEIOrU4",
    "objectName" : "salesforce_conn",
    "objectType" : "Connection",
    "path" : "/SYS",
    "metadata" : {
      "modelVersion" : {
        "major" : 0,
        "minor" : 0
      },
      "repoInfo" : {
        "repoHandle" : "012JH10B000000000008"
      },
      "objectRefs" : [ "2cO9chaMP8pjQ8AaNVqbKq" ],
      "contextAttributes" : [ {
        "name" : "id",
        "value" : "@1"
      } ],
      "additionalInfo" : {
        "description" : null,
        "contentType" : "JSON",
        "documentState" : "COMPLETE"
      }
    }
  }, {
    "objectGuid" : "0Btx4GRjp0ghhJrq67mNIX",
    "objectName" : "m_Router_Transformation",
    "objectType" : "DTEMPLATE",
    "path" : "/Explore/Default",
    "metadata" : {
      "modelVersion" : {
        "major" : 0,
        "minor" : 0
      },
      "repoInfo" : {
        "repoHandle" : "012JH11700000000000X"
      },
      "objectRefs" : [ "8QDUsUlA2oHl0OVmD7r6Gr", "4dWgW8S5YR1iacSDOCTfsf" ],
      "contextAttributes" : [ {
        "name" : "id",
        "value" : "@1"
      } ],
      "additionalInfo" : {
        "description" : "",
        "contentType" : "JSON",
        "documentState" : "VALID"
      }
    }
  }, {
    "objectGuid" : "4bwvNSCHdAzh1NHwqVcNSC",
    "objectName" : "m_Snowflake_Data_load",
    "objectType" : "DTEMPLATE",
    "path" : "/Explore/Default",
    "metadata" : {
      "modelVersion" : {
        "major" : 0,
        "minor" : 0
      },
      "repoInfo" : {
        "repoHandle" : "012JH11700000000000I"
      },
      "objectRefs" : [ "8QDUsUlA2oHl0OVmD7r6Gr", "620L4OSimrwl8x3D8hE7o3" ],
      "contextAttributes" : [ {
        "name" : "id",
        "value" : "@1"
      } ],
      "additionalInfo" : {
        "description" : "",
        "contentType" : "JSON",
        "documentState" : "VALID"
      }
    }
  }, {
    "objectGuid" : "9qDCtIGaU22idAXySOR9qs",
    "objectName" : "m_Expression_macros",
    "objectType" : "DTEMPLATE",
    "path" : "/Explore/Default",
    "metadata" : {
      "modelVersion" : {
        "major" : 0,
        "minor" : 0
      },
      "repoInfo" : {
        "repoHandle" : "012JH11700000000000U"
      },
      "objectRefs" : [ "8QDUsUlA2oHl0OVmD7r6Gr", "4dWgW8S5YR1iacSDOCTfsf" ],
      "contextAttributes" : [ {
        "name" : "id",
        "value" : "@1"
      } ],
      "additionalInfo" : {
        "description" : "",
        "contentType" : "JSON",
        "documentState" : "VALID"
      }
    }
  }, {
    "objectGuid" : "3NkTVWUQzL9iMc303PKZk4",
    "objectName" : "m_Source_Query",
    "objectType" : "DTEMPLATE",
    "path" : "/Explore/Default",
    "metadata" : {
      "modelVersion" : {
        "major" : 0,
        "minor" : 0
      },
      "repoInfo" : {
        "repoHandle" : "012JH11700000000000Q"
      },
      "objectRefs" : [ "8QDUsUlA2oHl0OVmD7r6Gr", "4dWgW8S5YR1iacSDOCTfsf" ],
      "contextAttributes" : [ {
        "name" : "id",
        "value" : "@1"
      } ],
      "additionalInfo" : {
        "description" : "",
        "contentType" : "JSON",
        "documentState" : "VALID"
      }
    }
  }, {
    "objectGuid" : "2cO9chaMP8pjQ8AaNVqbKq",
    "objectName" : "NIC",
    "objectType" : "AgentGroup",
    "path" : "/SYS",
    "metadata" : {
      "modelVersion" : {
        "major" : 0,
        "minor" : 0
      },
      "repoInfo" : {
        "repoHandle" : "012JH125000000000002"
      },
      "objectRefs" : [ ],
      "contextAttributes" : [ {
        "name" : "id",
        "value" : "@1"
      } ],
      "additionalInfo" : {
        "description" : null,
        "contentType" : "JSON",
        "documentState" : "VALID"
      }
    }
  }, {
    "objectGuid" : "gH2XdulrjSLeuS3m4AFjOG",
    "objectName" : "m_Shared_seq1",
    "objectType" : "DTEMPLATE",
    "path" : "/Explore/Default",
    "metadata" : {
      "modelVersion" : {
        "major" : 0,
        "minor" : 0
      },
      "repoInfo" : {
        "repoHandle" : "012JH117000000000012"
      },
      "objectRefs" : [ "8QDUsUlA2oHl0OVmD7r6Gr", "4dWgW8S5YR1iacSDOCTfsf", "9yzD1FdvfXecM0DvZxq6yR" ],
      "contextAttributes" : [ {
        "name" : "id",
        "value" : "@1"
      } ],
      "additionalInfo" : {
        "description" : "",
        "contentType" : "JSON",
        "documentState" : "VALID"
      }
    }
  }, {
    "objectGuid" : "bNoSYxMn4eMlMPDJXGhcEU",
    "objectName" : "m_Union",
    "objectType" : "DTEMPLATE",
    "path" : "/Explore/Default",
    "metadata" : {
      "modelVersion" : {
        "major" : 0,
        "minor" : 0
      },
      "repoInfo" : {
        "repoHandle" : "012JH117000000000014"
      },
      "objectRefs" : [ "8QDUsUlA2oHl0OVmD7r6Gr", "4dWgW8S5YR1iacSDOCTfsf" ],
      "contextAttributes" : [ {
        "name" : "id",
        "value" : "@1"
      } ],
      "additionalInfo" : {
        "description" : "",
        "contentType" : "JSON",
        "documentState" : "VALID"
      }
    }
  }, {
    "objectGuid" : "4DSZL8ESkCjftUDN37OgOZ",
    "objectName" : "Fixed-Width File Format3",
    "objectType" : "FWCONFIG",
    "path" : "/Explore/Default",
    "metadata" : {
      "modelVersion" : {
        "major" : 0,
        "minor" : 0
      },
      "repoInfo" : {
        "repoHandle" : "012JH129000000000004"
      },
      "objectRefs" : [ ],
      "contextAttributes" : [ {
        "name" : "id",
        "value" : "@1"
      } ],
      "additionalInfo" : {
        "description" : "",
        "contentType" : "JSON",
        "documentState" : "VALID"
      }
    }
  }, {
    "objectGuid" : "120oH82muAngg5qJgeDXqD",
    "objectName" : "m_Employees_data_load",
    "objectType" : "DTEMPLATE",
    "path" : "/Explore/Default",
    "metadata" : {
      "modelVersion" : {
        "major" : 0,
        "minor" : 0
      },
      "repoInfo" : {
        "repoHandle" : "012JH117000000000008"
      },
      "objectRefs" : [ "8QDUsUlA2oHl0OVmD7r6Gr", "4dWgW8S5YR1iacSDOCTfsf" ],
      "contextAttributes" : [ {
        "name" : "id",
        "value" : "@1"
      } ],
      "additionalInfo" : {
        "description" : "",
        "contentType" : "JSON",
        "documentState" : "VALID"
      }
    }
  }, {
    "objectGuid" : "56ipYkH0lkakujY6loE38f",
    "objectName" : "m_Oracle_S3",
    "objectType" : "DTEMPLATE",
    "path" : "/Explore/Default",
    "metadata" : {
      "modelVersion" : {
        "major" : 0,
        "minor" : 0
      },
      "repoInfo" : {
        "repoHandle" : "012JH117000000000019"
      },
      "objectRefs" : [ "bW4san3mIMvhlJJrF1O2G4", "8QDUsUlA2oHl0OVmD7r6Gr" ],
      "contextAttributes" : [ {
        "name" : "id",
        "value" : "@1"
      } ],
      "additionalInfo" : {
        "description" : "",
        "contentType" : "JSON",
        "documentState" : "VALID"
      }
    }
  }, {
    "objectGuid" : "8m7A88o3LYdgBZS7EJXfsa",
    "objectName" : "m_Sequence_Generator",
    "objectType" : "DTEMPLATE",
    "path" : "/Explore/Default",
    "metadata" : {
      "modelVersion" : {
        "major" : 0,
        "minor" : 0
      },
      "repoInfo" : {
        "repoHandle" : "012JH117000000000010"
      },
      "objectRefs" : [ "8QDUsUlA2oHl0OVmD7r6Gr", "4dWgW8S5YR1iacSDOCTfsf" ],
      "contextAttributes" : [ {
        "name" : "id",
        "value" : "@1"
      } ],
      "additionalInfo" : {
        "description" : "",
        "contentType" : "JSON",
        "documentState" : "VALID"
      }
    }
  }, {
    "objectGuid" : "di4zMRAqhiIjNoXv2lKz0k",
    "objectName" : "m_Excel_Source_EMP_TXN_Data",
    "objectType" : "DTEMPLATE",
    "path" : "/Explore/Default",
    "metadata" : {
      "modelVersion" : {
        "major" : 0,
        "minor" : 0
      },
      "repoInfo" : {
        "repoHandle" : "012JH11700000000000F"
      },
      "objectRefs" : [ "2FLGhbHHKMFjt7VeaLm2i4", "4dWgW8S5YR1iacSDOCTfsf", "3JBxPfl2B2JcmikiD5Bm2U" ],
      "contextAttributes" : [ {
        "name" : "id",
        "value" : "@1"
      } ],
      "additionalInfo" : {
        "description" : "",
        "contentType" : "JSON",
        "documentState" : "VALID"
      }
    }
  }, {
    "objectGuid" : "3JBxPfl2B2JcmikiD5Bm2U",
    "objectName" : "ISM_EMP_TXN",
    "objectType" : "STRUCTURE_DISCOVERY",
    "path" : "/Explore/Payments/Dev",
    "metadata" : {
      "modelVersion" : {
        "major" : 0,
        "minor" : 0
      },
      "repoInfo" : {
        "repoHandle" : "012JH130000000000002"
      },
      "objectRefs" : [ ],
      "contextAttributes" : [ {
        "name" : "id",
        "value" : "@1"
      } ],
      "additionalInfo" : {
        "description" : "",
        "contentType" : "JSON",
        "documentState" : "VALID"
      }
    }
  }, {
    "objectGuid" : "1KoK3CqnxkKgpXX9IroW4d",
    "objectName" : "Training",
    "objectType" : "Project",
    "path" : "/Explore",
    "metadata" : {
      "modelVersion" : {
        "major" : 0,
        "minor" : 0
      },
      "repoInfo" : null,
      "objectRefs" : [ ],
      "contextAttributes" : [ ],
      "additionalInfo" : {
        "description" : "",
        "contentType" : "Binary",
        "documentState" : "COMPLETE"
      }
    }
  }, {
    "objectGuid" : "0fl663DkxQMkKqNnkkXOIz",
    "objectName" : "m_Joiner",
    "objectType" : "DTEMPLATE",
    "path" : "/Explore/Default",
    "metadata" : {
      "modelVersion" : {
        "major" : 0,
        "minor" : 0
      },
      "repoInfo" : {
        "repoHandle" : "012JH11700000000000S"
      },
      "objectRefs" : [ "8QDUsUlA2oHl0OVmD7r6Gr", "2FLGhbHHKMFjt7VeaLm2i4", "4dWgW8S5YR1iacSDOCTfsf" ],
      "contextAttributes" : [ {
        "name" : "id",
        "value" : "@1"
      } ],
      "additionalInfo" : {
        "description" : "",
        "contentType" : "JSON",
        "documentState" : "VALID"
      }
    }
  }, {
    "objectGuid" : "26EsQffHLmgcyiwHzirEUZ",
    "objectName" : "Default",
    "objectType" : "Project",
    "path" : "/Explore",
    "metadata" : {
      "modelVersion" : {
        "major" : 0,
        "minor" : 0
      },
      "repoInfo" : null,
      "objectRefs" : [ ],
      "contextAttributes" : [ {
        "name" : "IS_DEF_LOC",
        "value" : "true"
      } ],
      "additionalInfo" : {
        "description" : "Auto-generated Default Project",
        "contentType" : null,
        "documentState" : "COMPLETE"
      }
    }
  }, {
    "objectGuid" : "9yzD1FdvfXecM0DvZxq6yR",
    "objectName" : "Shared Sequence1",
    "objectType" : "SequenceGenerator",
    "path" : "/Explore/Default",
    "metadata" : {
      "modelVersion" : {
        "major" : 0,
        "minor" : 0
      },
      "repoInfo" : {
        "repoHandle" : "012JH142000000000002"
      },
      "objectRefs" : [ ],
      "contextAttributes" : [ {
        "name" : "id",
        "value" : "@1"
      } ],
      "additionalInfo" : {
        "description" : "",
        "contentType" : "JSON",
        "documentState" : "VALID"
      }
    }
  }, {
    "objectGuid" : "2yUD29pHnYBcO0mPseGMg1",
    "objectName" : "m_Json_product_data",
    "objectType" : "DTEMPLATE",
    "path" : "/Explore/Default",
    "metadata" : {
      "modelVersion" : {
        "major" : 0,
        "minor" : 0
      },
      "repoInfo" : {
        "repoHandle" : "012JH11700000000000J"
      },
      "objectRefs" : [ "41tTVtMPmevbQK8fX2lKm9", "2FLGhbHHKMFjt7VeaLm2i4", "4dWgW8S5YR1iacSDOCTfsf" ],
      "contextAttributes" : [ {
        "name" : "id",
        "value" : "@1"
      } ],
      "additionalInfo" : {
        "description" : "",
        "contentType" : "JSON",
        "documentState" : "VALID"
      }
    }
  }, {
    "objectGuid" : "egs0GxPAsELjvf0DZTo40g",
    "objectName" : "m_Source_Joiner",
    "objectType" : "DTEMPLATE",
    "path" : "/Explore/Default",
    "metadata" : {
      "modelVersion" : {
        "major" : 0,
        "minor" : 0
      },
      "repoInfo" : {
        "repoHandle" : "012JH11700000000000N"
      },
      "objectRefs" : [ "8QDUsUlA2oHl0OVmD7r6Gr", "4dWgW8S5YR1iacSDOCTfsf" ],
      "contextAttributes" : [ {
        "name" : "id",
        "value" : "@1"
      } ],
      "additionalInfo" : {
        "description" : "",
        "contentType" : "JSON",
        "documentState" : "VALID"
      }
    }
  }, {
    "objectGuid" : "72dsAJ7FVQekuz9UltPzIS",
    "objectName" : "m_Expression_Transformation",
    "objectType" : "DTEMPLATE",
    "path" : "/Explore/Default",
    "metadata" : {
      "modelVersion" : {
        "major" : 0,
        "minor" : 0
      },
      "repoInfo" : {
        "repoHandle" : "012JH11700000000000T"
      },
      "objectRefs" : [ "8QDUsUlA2oHl0OVmD7r6Gr", "4dWgW8S5YR1iacSDOCTfsf" ],
      "contextAttributes" : [ {
        "name" : "id",
        "value" : "@1"
      } ],
      "additionalInfo" : {
        "description" : "",
        "contentType" : "JSON",
        "documentState" : "VALID"
      }
    }
  }, {
    "objectGuid" : "20JfZnBINc7cA3bVOO6EKK",
    "objectName" : "Mapping1",
    "objectType" : "DTEMPLATE",
    "path" : "/Explore/Default",
    "metadata" : {
      "modelVersion" : {
        "major" : 0,
        "minor" : 0
      },
      "repoInfo" : {
        "repoHandle" : "012JH11700000000000G"
      },
      "objectRefs" : [ "7zoNKWj41uIlh3ly68CA2k", "2FLGhbHHKMFjt7VeaLm2i4" ],
      "contextAttributes" : [ {
        "name" : "id",
        "value" : "@1"
      } ],
      "additionalInfo" : {
        "description" : "",
        "contentType" : "JSON",
        "documentState" : "INVALID"
      }
    }
  }, {
    "objectGuid" : "6oeiROTFIjWh4XdW3tGSKT",
    "objectName" : "m_Source_Transformation",
    "objectType" : "DTEMPLATE",
    "path" : "/Explore/Default",
    "metadata" : {
      "modelVersion" : {
        "major" : 0,
        "minor" : 0
      },
      "repoInfo" : {
        "repoHandle" : "012JH11700000000000M"
      },
      "objectRefs" : [ "8QDUsUlA2oHl0OVmD7r6Gr", "4dWgW8S5YR1iacSDOCTfsf" ],
      "contextAttributes" : [ {
        "name" : "id",
        "value" : "@1"
      } ],
      "additionalInfo" : {
        "description" : "",
        "contentType" : "JSON",
        "documentState" : "VALID"
      }
    }
  }, {
    "objectGuid" : "lpD82KDsi2ncsZmgItkeON",
    "objectName" : "GCS",
    "objectType" : "Connection",
    "path" : "/SYS",
    "metadata" : {
      "modelVersion" : {
        "major" : 0,
        "minor" : 0
      },
      "repoInfo" : {
        "repoHandle" : "012JH10B00000000000A"
      },
      "objectRefs" : [ "2cO9chaMP8pjQ8AaNVqbKq" ],
      "contextAttributes" : [ {
        "name" : "id",
        "value" : "@1"
      } ],
      "additionalInfo" : {
        "description" : null,
        "contentType" : "JSON",
        "documentState" : "COMPLETE"
      }
    }
  }, {
    "objectGuid" : "620L4OSimrwl8x3D8hE7o3",
    "objectName" : "snowflake_conn",
    "objectType" : "Connection",
    "path" : "/SYS",
    "metadata" : {
      "modelVersion" : {
        "major" : 0,
        "minor" : 0
      },
      "repoInfo" : {
        "repoHandle" : "012JH10B000000000007"
      },
      "objectRefs" : [ "2cO9chaMP8pjQ8AaNVqbKq" ],
      "contextAttributes" : [ {
        "name" : "id",
        "value" : "@1"
      } ],
      "additionalInfo" : {
        "description" : null,
        "contentType" : "JSON",
        "documentState" : "COMPLETE"
      }
    }
  }, {
    "objectGuid" : "5gDfEGnu0YDdUIvkEdF90Z",
    "objectName" : "T_FF_Employees",
    "objectType" : "DTEMPLATE",
    "path" : "/Explore/Default",
    "metadata" : {
      "modelVersion" : {
        "major" : 0,
        "minor" : 0
      },
      "repoInfo" : {
        "repoHandle" : "012JH11700000000000O"
      },
      "objectRefs" : [ "8QDUsUlA2oHl0OVmD7r6Gr", "8cjtWzqGcuYc6XNwajeVQ8" ],
      "contextAttributes" : [ {
        "name" : "id",
        "value" : "@1"
      } ],
      "additionalInfo" : {
        "description" : "",
        "contentType" : null,
        "documentState" : "VALID"
      }
    }
  }, {
    "objectGuid" : "4w5NpYnuCa4hAoUKsujaiN",
    "objectName" : "m_Sorter_Transformation",
    "objectType" : "DTEMPLATE",
    "path" : "/Explore/Default",
    "metadata" : {
      "modelVersion" : {
        "major" : 0,
        "minor" : 0
      },
      "repoInfo" : {
        "repoHandle" : "012JH11700000000000V"
      },
      "objectRefs" : [ "2FLGhbHHKMFjt7VeaLm2i4", "4dWgW8S5YR1iacSDOCTfsf" ],
      "contextAttributes" : [ {
        "name" : "id",
        "value" : "@1"
      } ],
      "additionalInfo" : {
        "description" : "",
        "contentType" : "JSON",
        "documentState" : "VALID"
      }
    }
  }, {
    "objectGuid" : "alge4CqihLsl5HPFFYaISj",
    "objectName" : "m_Aggregator",
    "objectType" : "DTEMPLATE",
    "path" : "/Explore/Default",
    "metadata" : {
      "modelVersion" : {
        "major" : 0,
        "minor" : 0
      },
      "repoInfo" : {
        "repoHandle" : "012JH11700000000000W"
      },
      "objectRefs" : [ "8QDUsUlA2oHl0OVmD7r6Gr", "4dWgW8S5YR1iacSDOCTfsf" ],
      "contextAttributes" : [ {
        "name" : "id",
        "value" : "@1"
      } ],
      "additionalInfo" : {
        "description" : "",
        "contentType" : "JSON",
        "documentState" : "VALID"
      }
    }
  }, {
    "objectGuid" : "9aU459Bn05Ze8EIHOGtjUK",
    "objectName" : "m_Rank_Transformation",
    "objectType" : "DTEMPLATE",
    "path" : "/Explore/Default",
    "metadata" : {
      "modelVersion" : {
        "major" : 0,
        "minor" : 0
      },
      "repoInfo" : {
        "repoHandle" : "012JH11700000000000Y"
      },
      "objectRefs" : [ "8QDUsUlA2oHl0OVmD7r6Gr", "4dWgW8S5YR1iacSDOCTfsf" ],
      "contextAttributes" : [ {
        "name" : "id",
        "value" : "@1"
      } ],
      "additionalInfo" : {
        "description" : "",
        "contentType" : "JSON",
        "documentState" : "VALID"
      }
    }
  }, {
    "objectGuid" : "4LGiotUL18Rjlr3vI2NgIH",
    "objectName" : "m_Salesforce_Source",
    "objectType" : "DTEMPLATE",
    "path" : "/Explore/Default",
    "metadata" : {
      "modelVersion" : {
        "major" : 0,
        "minor" : 0
      },
      "repoInfo" : {
        "repoHandle" : "012JH117000000000015"
      },
      "objectRefs" : [ "6udPcDJi4XHbtbseEIOrU4", "4dWgW8S5YR1iacSDOCTfsf" ],
      "contextAttributes" : [ {
        "name" : "id",
        "value" : "@1"
      } ],
      "additionalInfo" : {
        "description" : "",
        "contentType" : "JSON",
        "documentState" : "VALID"
      }
    }
  }, {
    "objectGuid" : "fGV28zHN5whg0A1Ik0rIS5",
    "objectName" : "Dev",
    "objectType" : "Folder",
    "path" : "/Explore/Payments",
    "metadata" : {
      "modelVersion" : {
        "major" : 0,
        "minor" : 0
      },
      "repoInfo" : null,
      "objectRefs" : [ ],
      "contextAttributes" : [ ],
      "additionalInfo" : {
        "description" : "",
        "contentType" : "Binary",
        "documentState" : "COMPLETE"
      }
    }
  }, {
    "objectGuid" : "0xy0vCYcVaxdlIMRE4wrE6",
    "objectName" : "m_Employees_data_load",
    "objectType" : "DTEMPLATE",
    "path" : "/Explore/Payments/Dev",
    "metadata" : {
      "modelVersion" : {
        "major" : 0,
        "minor" : 0
      },
      "repoInfo" : {
        "repoHandle" : "012JH117000000000009"
      },
      "objectRefs" : [ "8QDUsUlA2oHl0OVmD7r6Gr", "4dWgW8S5YR1iacSDOCTfsf" ],
      "contextAttributes" : [ {
        "name" : "id",
        "value" : "@1"
      } ],
      "additionalInfo" : {
        "description" : "",
        "contentType" : "JSON",
        "documentState" : "VALID"
      }
    }
  }, {
    "objectGuid" : "1yzViRF6TnTi3V54vIuuKU",
    "objectName" : "m_Fixed_width",
    "objectType" : "DTEMPLATE",
    "path" : "/Explore/Payments/Dev",
    "metadata" : {
      "modelVersion" : {
        "major" : 0,
        "minor" : 0
      },
      "repoInfo" : {
        "repoHandle" : "012JH11700000000000C"
      },
      "objectRefs" : [ "cGcxotmstQQl9TROE6rtSe", "2FLGhbHHKMFjt7VeaLm2i4", "4dWgW8S5YR1iacSDOCTfsf" ],
      "contextAttributes" : [ {
        "name" : "id",
        "value" : "@1"
      } ],
      "additionalInfo" : {
        "description" : "",
        "contentType" : "JSON",
        "documentState" : "INVALID"
      }
    }
  }, {
    "objectGuid" : "8ryr1kGzW2Af43QV6Nnpkm",
    "objectName" : "m_shared_seq",
    "objectType" : "DTEMPLATE",
    "path" : "/Explore/Default",
    "metadata" : {
      "modelVersion" : {
        "major" : 0,
        "minor" : 0
      },
      "repoInfo" : {
        "repoHandle" : "012JH117000000000013"
      },
      "objectRefs" : [ "8QDUsUlA2oHl0OVmD7r6Gr", "4dWgW8S5YR1iacSDOCTfsf", "9yzD1FdvfXecM0DvZxq6yR" ],
      "contextAttributes" : [ {
        "name" : "id",
        "value" : "@1"
      } ],
      "additionalInfo" : {
        "description" : "",
        "contentType" : "JSON",
        "documentState" : "VALID"
      }
    }
  }, {
    "objectGuid" : "9KHASSR0jMCbI9MDVPmD6p",
    "objectName" : "mt_S_FF_EMployees",
    "objectType" : "MTT",
    "path" : "/Explore/Payments/Dev",
    "metadata" : {
      "modelVersion" : {
        "major" : 0,
        "minor" : 0
      },
      "repoInfo" : {
        "repoHandle" : "012JH10Z000000000005"
      },
      "objectRefs" : [ "2cO9chaMP8pjQ8AaNVqbKq", "2FLGhbHHKMFjt7VeaLm2i4", "4dWgW8S5YR1iacSDOCTfsf", "7piSRnO6VcUj4WCReYaaeZ" ],
      "contextAttributes" : [ {
        "name" : "id",
        "value" : "@1"
      } ],
      "additionalInfo" : {
        "description" : "",
        "contentType" : "JSON",
        "documentState" : "VALID"
      }
    }
  }, {
    "objectGuid" : "30jwFil5olGbMEdlJHGSci",
    "objectName" : "m_Load_every_4th_record",
    "objectType" : "DTEMPLATE",
    "path" : "/Explore/Default",
    "metadata" : {
      "modelVersion" : {
        "major" : 0,
        "minor" : 0
      },
      "repoInfo" : {
        "repoHandle" : "012JH117000000000011"
      },
      "objectRefs" : [ "8QDUsUlA2oHl0OVmD7r6Gr", "4dWgW8S5YR1iacSDOCTfsf" ],
      "contextAttributes" : [ {
        "name" : "id",
        "value" : "@1"
      } ],
      "additionalInfo" : {
        "description" : "",
        "contentType" : "JSON",
        "documentState" : "VALID"
      }
    }
  }, {
    "objectGuid" : "7t8nUDoCPP4fXXiWR3XXka",
    "objectName" : "mtt_Expression_Macros",
    "objectType" : "MTT",
    "path" : "/Explore/Default",
    "metadata" : {
      "modelVersion" : {
        "major" : 0,
        "minor" : 0
      },
      "repoInfo" : {
        "repoHandle" : "012JH10Z00000000000M"
      },
      "objectRefs" : [ "9qDCtIGaU22idAXySOR9qs", "2cO9chaMP8pjQ8AaNVqbKq", "8QDUsUlA2oHl0OVmD7r6Gr", "4dWgW8S5YR1iacSDOCTfsf" ],
      "contextAttributes" : [ {
        "name" : "id",
        "value" : "@1"
      } ],
      "additionalInfo" : {
        "description" : null,
        "contentType" : "JSON",
        "documentState" : "VALID"
      }
    }
  }, {
    "objectGuid" : "4cI3BEAhRyll67h6c0DpQb",
    "objectName" : "m_EMP_XML_Output",
    "objectType" : "DTEMPLATE",
    "path" : "/Explore/Default",
    "metadata" : {
      "modelVersion" : {
        "major" : 0,
        "minor" : 0
      },
      "repoInfo" : {
        "repoHandle" : "012JH11700000000000L"
      },
      "objectRefs" : [ "92qgMbh2q8RcqNK93RPu2R", "8QDUsUlA2oHl0OVmD7r6Gr", "8cjtWzqGcuYc6XNwajeVQ8" ],
      "contextAttributes" : [ {
        "name" : "id",
        "value" : "@1"
      } ],
      "additionalInfo" : {
        "description" : "",
        "contentType" : "JSON",
        "documentState" : "VALID"
      }
    }
  }, {
    "objectGuid" : "abJAw3q1IK9hDNiyYjo66d",
    "objectName" : "mct_Employees_data_load",
    "objectType" : "MTT",
    "path" : "/Explore/Payments/Dev",
    "metadata" : {
      "modelVersion" : {
        "major" : 0,
        "minor" : 0
      },
      "repoInfo" : {
        "repoHandle" : "012JH10Z000000000003"
      },
      "objectRefs" : [ "0xy0vCYcVaxdlIMRE4wrE6", "2cO9chaMP8pjQ8AaNVqbKq", "8QDUsUlA2oHl0OVmD7r6Gr", "4dWgW8S5YR1iacSDOCTfsf" ],
      "contextAttributes" : [ {
        "name" : "id",
        "value" : "@1"
      } ],
      "additionalInfo" : {
        "description" : "",
        "contentType" : "JSON",
        "documentState" : "VALID"
      }
    }
  }, {
    "objectGuid" : "cGcxotmstQQl9TROE6rtSe",
    "objectName" : "Fixed-Width File Format1",
    "objectType" : "FWCONFIG",
    "path" : "/Explore/Payments/Dev",
    "metadata" : {
      "modelVersion" : {
        "major" : 0,
        "minor" : 0
      },
      "repoInfo" : {
        "repoHandle" : "012JH129000000000002"
      },
      "objectRefs" : [ ],
      "contextAttributes" : [ {
        "name" : "id",
        "value" : "@1"
      } ],
      "additionalInfo" : {
        "description" : "",
        "contentType" : "JSON",
        "documentState" : "VALID"
      }
    }
  }, {
    "objectGuid" : "bgb1LONEW4wh7QPqI0jP6P",
    "objectName" : "m_File_List",
    "objectType" : "DTEMPLATE",
    "path" : "/Explore/Payments/Dev",
    "metadata" : {
      "modelVersion" : {
        "major" : 0,
        "minor" : 0
      },
      "repoInfo" : {
        "repoHandle" : "012JH11700000000000B"
      },
      "objectRefs" : [ "2FLGhbHHKMFjt7VeaLm2i4", "4dWgW8S5YR1iacSDOCTfsf" ],
      "contextAttributes" : [ {
        "name" : "id",
        "value" : "@1"
      } ],
      "additionalInfo" : {
        "description" : "",
        "contentType" : "JSON",
        "documentState" : "VALID"
      }
    }
  }, {
    "objectGuid" : "8QDUsUlA2oHl0OVmD7r6Gr",
    "objectName" : "Oracle_Src",
    "objectType" : "Connection",
    "path" : "/SYS",
    "metadata" : {
      "modelVersion" : {
        "major" : 0,
        "minor" : 0
      },
      "repoInfo" : {
        "repoHandle" : "012JH10B000000000002"
      },
      "objectRefs" : [ "2cO9chaMP8pjQ8AaNVqbKq" ],
      "contextAttributes" : [ {
        "name" : "id",
        "value" : "@1"
      } ],
      "additionalInfo" : {
        "description" : "Oracle HR Schema",
        "contentType" : "JSON",
        "documentState" : "COMPLETE"
      }
    }
  }, {
    "objectGuid" : "lyWQqJirKmZcifKQ99SscY",
    "objectName" : "m_GCS_Oracle",
    "objectType" : "DTEMPLATE",
    "path" : "/Explore/Default",
    "metadata" : {
      "modelVersion" : {
        "major" : 0,
        "minor" : 0
      },
      "repoInfo" : {
        "repoHandle" : "012JH117000000000017"
      },
      "objectRefs" : [ "4dWgW8S5YR1iacSDOCTfsf", "lpD82KDsi2ncsZmgItkeON" ],
      "contextAttributes" : [ {
        "name" : "id",
        "value" : "@1"
      } ],
      "additionalInfo" : {
        "description" : "",
        "contentType" : "JSON",
        "documentState" : "VALID"
      }
    }
  }, {
    "objectGuid" : "1It9s6Co3t2b5MvUKUEEuS",
    "objectName" : "m_Unicode_characters",
    "objectType" : "DTEMPLATE",
    "path" : "/Explore/Payments/Dev",
    "metadata" : {
      "modelVersion" : {
        "major" : 0,
        "minor" : 0
      },
      "repoInfo" : {
        "repoHandle" : "012JH11700000000000D"
      },
      "objectRefs" : [ "2FLGhbHHKMFjt7VeaLm2i4", "4dWgW8S5YR1iacSDOCTfsf" ],
      "contextAttributes" : [ {
        "name" : "id",
        "value" : "@1"
      } ],
      "additionalInfo" : {
        "description" : "",
        "contentType" : "JSON",
        "documentState" : "VALID"
      }
    }
  }, {
    "objectGuid" : "fYWFSMaPvgDhrR00lJyGaK",
    "objectName" : "mt_file_list",
    "objectType" : "MTT",
    "path" : "/Explore/Payments/Dev",
    "metadata" : {
      "modelVersion" : {
        "major" : 0,
        "minor" : 0
      },
      "repoInfo" : {
        "repoHandle" : "012JH10Z000000000007"
      },
      "objectRefs" : [ "bgb1LONEW4wh7QPqI0jP6P", "2cO9chaMP8pjQ8AaNVqbKq", "2FLGhbHHKMFjt7VeaLm2i4", "4dWgW8S5YR1iacSDOCTfsf" ],
      "contextAttributes" : [ {
        "name" : "id",
        "value" : "@1"
      } ],
      "additionalInfo" : {
        "description" : "",
        "contentType" : "JSON",
        "documentState" : "VALID"
      }
    }
  }, {
    "objectGuid" : "87MxtiMrktqkmhqcWdQc8P",
    "objectName" : "mt_shared_seq1",
    "objectType" : "MTT",
    "path" : "/Explore/Default",
    "metadata" : {
      "modelVersion" : {
        "major" : 0,
        "minor" : 0
      },
      "repoInfo" : {
        "repoHandle" : "012JH10Z00000000000W"
      },
      "objectRefs" : [ "2cO9chaMP8pjQ8AaNVqbKq", "8QDUsUlA2oHl0OVmD7r6Gr", "4dWgW8S5YR1iacSDOCTfsf", "gH2XdulrjSLeuS3m4AFjOG", "9yzD1FdvfXecM0DvZxq6yR" ],
      "contextAttributes" : [ {
        "name" : "id",
        "value" : "@1"
      } ],
      "additionalInfo" : {
        "description" : null,
        "contentType" : "JSON",
        "documentState" : "VALID"
      }
    }
  }, {
    "objectGuid" : "awWGcqaK239djrDsbVPXYa",
    "objectName" : "T_FF_Employees",
    "objectType" : "DTEMPLATE",
    "path" : "/Explore/Payments/Dev",
    "metadata" : {
      "modelVersion" : {
        "major" : 0,
        "minor" : 0
      },
      "repoInfo" : {
        "repoHandle" : "012JH11700000000000E"
      },
      "objectRefs" : [ "8QDUsUlA2oHl0OVmD7r6Gr", "8cjtWzqGcuYc6XNwajeVQ8" ],
      "contextAttributes" : [ {
        "name" : "id",
        "value" : "@1"
      } ],
      "additionalInfo" : {
        "description" : "",
        "contentType" : "JSON",
        "documentState" : "VALID"
      }
    }
  }, {
    "objectGuid" : "bW4san3mIMvhlJJrF1O2G4",
    "objectName" : "AWS-S3",
    "objectType" : "Connection",
    "path" : "/SYS",
    "metadata" : {
      "modelVersion" : {
        "major" : 0,
        "minor" : 0
      },
      "repoInfo" : {
        "repoHandle" : "012JH10B00000000000B"
      },
      "objectRefs" : [ "2cO9chaMP8pjQ8AaNVqbKq" ],
      "contextAttributes" : [ {
        "name" : "id",
        "value" : "@1"
      } ],
      "additionalInfo" : {
        "description" : null,
        "contentType" : "JSON",
        "documentState" : "COMPLETE"
      }
    }
  }, {
    "objectGuid" : "4dWgW8S5YR1iacSDOCTfsf",
    "objectName" : "Oracle_Tgt",
    "objectType" : "Connection",
    "path" : "/SYS",
    "metadata" : {
      "modelVersion" : {
        "major" : 0,
        "minor" : 0
      },
      "repoInfo" : {
        "repoHandle" : "012JH10B000000000003"
      },
      "objectRefs" : [ "2cO9chaMP8pjQ8AaNVqbKq" ],
      "contextAttributes" : [ {
        "name" : "id",
        "value" : "@1"
      } ],
      "additionalInfo" : {
        "description" : "Oracle CORE Schema",
        "contentType" : "JSON",
        "documentState" : "COMPLETE"
      }
    }
  }, {
    "objectGuid" : "hANkKAWsDArdNutqLdOsOI",
    "objectName" : "Payments",
    "objectType" : "Project",
    "path" : "/Explore",
    "metadata" : {
      "modelVersion" : {
        "major" : 0,
        "minor" : 0
      },
      "repoInfo" : null,
      "objectRefs" : [ ],
      "contextAttributes" : [ ],
      "additionalInfo" : {
        "description" : "",
        "contentType" : "Binary",
        "documentState" : "COMPLETE"
      }
    }
  }, {
    "objectGuid" : "21DabziPwDEb3Y2Fiog6cP",
    "objectName" : "Mapping2",
    "objectType" : "DTEMPLATE",
    "path" : "/Explore/Default",
    "metadata" : {
      "modelVersion" : {
        "major" : 0,
        "minor" : 0
      },
      "repoInfo" : {
        "repoHandle" : "012JH11700000000000H"
      },
      "objectRefs" : [ "2FLGhbHHKMFjt7VeaLm2i4", "4DSZL8ESkCjftUDN37OgOZ" ],
      "contextAttributes" : [ {
        "name" : "id",
        "value" : "@1"
      } ],
      "additionalInfo" : {
        "description" : "",
        "contentType" : "JSON",
        "documentState" : "INVALID"
      }
    }
  }, {
    "objectGuid" : "iSM1jbPqIOhh8jkMEBXPky",
    "objectName" : "m_XML_Data",
    "objectType" : "DTEMPLATE",
    "path" : "/Explore/Default",
    "metadata" : {
      "modelVersion" : {
        "major" : 0,
        "minor" : 0
      },
      "repoInfo" : {
        "repoHandle" : "012JH11700000000000K"
      },
      "objectRefs" : [ "5NaD3Mw7fikkj1UqtaD8K8", "2FLGhbHHKMFjt7VeaLm2i4", "4dWgW8S5YR1iacSDOCTfsf" ],
      "contextAttributes" : [ {
        "name" : "id",
        "value" : "@1"
      } ],
      "additionalInfo" : {
        "description" : "",
        "contentType" : "JSON",
        "documentState" : "VALID"
      }
    }
  }, {
    "objectGuid" : "4x7sUfCZITDji2PmCUEgQp",
    "objectName" : "mt_shared_seq2",
    "objectType" : "MTT",
    "path" : "/Explore/Default",
    "metadata" : {
      "modelVersion" : {
        "major" : 0,
        "minor" : 0
      },
      "repoInfo" : {
        "repoHandle" : "012JH10Z00000000000V"
      },
      "objectRefs" : [ "2cO9chaMP8pjQ8AaNVqbKq", "8QDUsUlA2oHl0OVmD7r6Gr", "8ryr1kGzW2Af43QV6Nnpkm", "4dWgW8S5YR1iacSDOCTfsf", "9yzD1FdvfXecM0DvZxq6yR" ],
      "contextAttributes" : [ {
        "name" : "id",
        "value" : "@1"
      } ],
      "additionalInfo" : {
        "description" : null,
        "contentType" : "JSON",
        "documentState" : "VALID"
      }
    }
  }, {
    "objectGuid" : "7zoNKWj41uIlh3ly68CA2k",
    "objectName" : "Fixed-Width File Format2",
    "objectType" : "FWCONFIG",
    "path" : "/Explore/Default",
    "metadata" : {
      "modelVersion" : {
        "major" : 0,
        "minor" : 0
      },
      "repoInfo" : {
        "repoHandle" : "012JH129000000000003"
      },
      "objectRefs" : [ ],
      "contextAttributes" : [ {
        "name" : "id",
        "value" : "@1"
      } ],
      "additionalInfo" : {
        "description" : "",
        "contentType" : "JSON",
        "documentState" : "VALID"
      }
    }
  }, {
    "objectGuid" : "dWyTu2VLfaie8FMF4LoNo1",
    "objectName" : "m_Filter_Transformation",
    "objectType" : "DTEMPLATE",
    "path" : "/Explore/Default",
    "metadata" : {
      "modelVersion" : {
        "major" : 0,
        "minor" : 0
      },
      "repoInfo" : {
        "repoHandle" : "012JH11700000000000R"
      },
      "objectRefs" : [ "2FLGhbHHKMFjt7VeaLm2i4", "4dWgW8S5YR1iacSDOCTfsf" ],
      "contextAttributes" : [ {
        "name" : "id",
        "value" : "@1"
      } ],
      "additionalInfo" : {
        "description" : "",
        "contentType" : "JSON",
        "documentState" : "VALID"
      }
    }
  }, {
    "objectGuid" : "92qgMbh2q8RcqNK93RPu2R",
    "objectName" : "Hierarchical Schema2-EMP",
    "objectType" : "HSCHEMA",
    "path" : "/Explore/Default",
    "metadata" : {
      "modelVersion" : {
        "major" : 0,
        "minor" : 0
      },
      "repoInfo" : {
        "repoHandle" : "012JH136000000000004"
      },
      "objectRefs" : [ ],
      "contextAttributes" : [ {
        "name" : "id",
        "value" : "@1"
      } ],
      "additionalInfo" : {
        "description" : "",
        "contentType" : "JSON",
        "documentState" : "VALID"
      }
    }
  }, {
    "objectGuid" : "2FLGhbHHKMFjt7VeaLm2i4",
    "objectName" : "Source_FF_Conn",
    "objectType" : "Connection",
    "path" : "/SYS",
    "metadata" : {
      "modelVersion" : {
        "major" : 0,
        "minor" : 0
      },
      "repoInfo" : {
        "repoHandle" : "012JH10B000000000005"
      },
      "objectRefs" : [ "2cO9chaMP8pjQ8AaNVqbKq" ],
      "contextAttributes" : [ {
        "name" : "id",
        "value" : "@1"
      } ],
      "additionalInfo" : {
        "description" : null,
        "contentType" : "JSON",
        "documentState" : "COMPLETE"
      }
    }
  }, {
    "objectGuid" : "8cjtWzqGcuYc6XNwajeVQ8",
    "objectName" : "Target_file_conn",
    "objectType" : "Connection",
    "path" : "/SYS",
    "metadata" : {
      "modelVersion" : {
        "major" : 0,
        "minor" : 0
      },
      "repoInfo" : {
        "repoHandle" : "012JH10B000000000006"
      },
      "objectRefs" : [ "2cO9chaMP8pjQ8AaNVqbKq" ],
      "contextAttributes" : [ {
        "name" : "id",
        "value" : "@1"
      } ],
      "additionalInfo" : {
        "description" : null,
        "contentType" : "JSON",
        "documentState" : "COMPLETE"
      }
    }
  }, {
    "objectGuid" : "9fvL8dzsBcZjQYPoPc8DQD",
    "objectName" : "mct_Sequence_Generator",
    "objectType" : "MTT",
    "path" : "/Explore/Default",
    "metadata" : {
      "modelVersion" : {
        "major" : 0,
        "minor" : 0
      },
      "repoInfo" : {
        "repoHandle" : "012JH10Z00000000000T"
      },
      "objectRefs" : [ "2cO9chaMP8pjQ8AaNVqbKq", "8QDUsUlA2oHl0OVmD7r6Gr", "4dWgW8S5YR1iacSDOCTfsf", "8m7A88o3LYdgBZS7EJXfsa" ],
      "contextAttributes" : [ {
        "name" : "id",
        "value" : "@1"
      } ],
      "additionalInfo" : {
        "description" : null,
        "contentType" : "JSON",
        "documentState" : "VALID"
      }
    }
  }, {
    "objectGuid" : "664N5HkIHLOeKxkPZrVouE",
    "objectName" : "m_Oracle_BiQuery",
    "objectType" : "DTEMPLATE",
    "path" : "/Explore/Default",
    "metadata" : {
      "modelVersion" : {
        "major" : 0,
        "minor" : 0
      },
      "repoInfo" : {
        "repoHandle" : "012JH117000000000016"
      },
      "objectRefs" : [ "8QDUsUlA2oHl0OVmD7r6Gr", "4krpPXcedCEb4QzHUJaagi" ],
      "contextAttributes" : [ {
        "name" : "id",
        "value" : "@1"
      } ],
      "additionalInfo" : {
        "description" : "",
        "contentType" : "JSON",
        "documentState" : "VALID"
      }
    }
  }, {
    "objectGuid" : "15Qe3jgrRaibNPSi9V1xcB",
    "objectName" : "T_FF_Employees - Copy 1",
    "objectType" : "DTEMPLATE",
    "path" : "/Explore/Default",
    "metadata" : {
      "modelVersion" : {
        "major" : 0,
        "minor" : 0
      },
      "repoInfo" : {
        "repoHandle" : "012JH11700000000000P"
      },
      "objectRefs" : [ "8QDUsUlA2oHl0OVmD7r6Gr", "8cjtWzqGcuYc6XNwajeVQ8" ],
      "contextAttributes" : [ {
        "name" : "id",
        "value" : "@1"
      } ],
      "additionalInfo" : {
        "description" : "",
        "contentType" : null,
        "documentState" : "VALID"
      }
    }
  }, {
    "objectGuid" : "bvp5fNLdAg7ck3jXFepOCh",
    "objectName" : "m_S3_Oracle",
    "objectType" : "DTEMPLATE",
    "path" : "/Explore/Default",
    "metadata" : {
      "modelVersion" : {
        "major" : 0,
        "minor" : 0
      },
      "repoInfo" : {
        "repoHandle" : "012JH117000000000018"
      },
      "objectRefs" : [ "bW4san3mIMvhlJJrF1O2G4", "4dWgW8S5YR1iacSDOCTfsf" ],
      "contextAttributes" : [ {
        "name" : "id",
        "value" : "@1"
      } ],
      "additionalInfo" : {
        "description" : "",
        "contentType" : "JSON",
        "documentState" : "VALID"
      }
    }
  } ]
}