<aetgt:getResponse xmlns:aetgt="http://schemas.active-endpoints.com/appmodules/repository/2010/10/avrepository.xsd"
                   xmlns:types1="http://schemas.active-endpoints.com/appmodules/repository/2010/10/avrepository.xsd">
   <types1:Item>
      <types1:EntryId>zUzeA8rJ4pbgchw-gt-17133285-2024-03-18T03:03:40.92Z::tf.xml</types1:EntryId>
      <types1:Name>Taskflow4</types1:Name>
      <types1:MimeType>application/xml+taskflow</types1:MimeType>
      <types1:Description/>
      <types1:AppliesTo/>
      <types1:Tags/>
      <types1:VersionLabel>1.0</types1:VersionLabel>
      <types1:State>CURRENT</types1:State>
      <types1:ProcessGroup/>
      <types1:CreatedBy>nic.iics22@rediffmail.com</types1:CreatedBy>
      <types1:CreationDate>2024-03-18T03:03:41Z</types1:CreationDate>
      <types1:ModifiedBy>nic.iics22@rediffmail.com</types1:ModifiedBy>
      <types1:ModificationDate>2024-03-18T03:05:17Z</types1:ModificationDate>
      <types1:PublicationStatus>published</types1:PublicationStatus>
      <types1:PublishedBy>nic.iics22@rediffmail.com</types1:PublishedBy>
      <types1:PublicationDate>2024-03-18T03:05:54Z</types1:PublicationDate>
      <types1:PublishedContributionId>project:/tf.Taskflow4/Taskflow4.tf.xml</types1:PublishedContributionId>
      <types1:AutosaveExists>false</types1:AutosaveExists>
      <types1:Entry>
         <taskflow xmlns="http://schemas.active-endpoints.com/appmodules/screenflow/2010/10/avosScreenflow.xsd"
                   xmlns:tfm="http://schemas.active-endpoints.com/appmodules/screenflow/2021/04/taskflowModel.xsd"
                   xmlns:list="urn:activevos:spi:list:functions"
                   displayName="Taskflow4"
                   name="Taskflow4"
                   overrideAPIName="false">
            <parameterSet xmlns="http://schemas.active-endpoints.com/appmodules/screenflow/2021/04/taskflowModel.xsd"/>
            <appliesTo/>
            <description/>
            <tags/>
            <generator>Informatica Process Designer 11</generator>
            <output>
               <field description="" name="cnt" type="int">
                  <options>
                     <option name="required">false</option>
                     <option name="initialvalue">0</option>
                  </options>
               </field>
            </output>
            <tempFields>
               <field description="" name="mtt_m_Data_availability" type="reference">
                  <options>
                     <option name="failOnNotRun">false</option>
                     <option name="failOnFault">false</option>
                     <option name="referenceTo">$po:mtt-m-Data-availability</option>
                  </options>
               </field>
               <field description="" name="mtt_SCD_Type_2_date" type="reference">
                  <options>
                     <option name="failOnNotRun">false</option>
                     <option name="failOnFault">false</option>
                     <option name="referenceTo">$po:mtt-SCD-Type-2-date</option>
                  </options>
               </field>
               <field description="" name="source_team_taskflow" type="reference">
                  <options>
                     <option name="referenceTo">$po:InternalInfaSubTaskflowField</option>
                     <option name="failOnNotRun">false</option>
                     <option name="failOnFault">false</option>
                  </options>
               </field>
            </tempFields>
            <notes/>
            <deployment skipIfRunning="false" suspendOnFault="false" tracingLevel="verbose">
               <rest/>
            </deployment>
            <flow id="a">
               <start id="b">
                  <link id="ltwcscwk" targetId="ltwcscx7"/>
               </start>
               <eventContainer id="ltwcscx7">
                  <service id="ltwcscwj">
                     <title>mtt_m_Data_availability</title>
                     <serviceName>ICSExecuteDataTask</serviceName>
                     <serviceGUID/>
                     <serviceInput>
                        <parameter name="Wait for Task to Complete" source="constant" updatable="true">true</parameter>
                        <parameter name="Max Wait" source="constant" updatable="true">604800</parameter>
                        <parameter name="Task Name" source="constant" updatable="true">mtt_m_Data_availability</parameter>
                        <parameter name="GUID" source="constant" updatable="true">88YfEo9M7yEhxNsmsuI3CM</parameter>
                        <parameter name="Task Type" source="constant" updatable="true">MCT</parameter>
                        <parameter name="Has Inout Parameters" source="constant" updatable="true">false</parameter>
                        <parameter name="taskField" source="nested">
                           <operation source="field" to="mtt-m-Data-availability">temp.mtt_m_Data_availability</operation>
                        </parameter>
                     </serviceInput>
                     <serviceOutput>
                        <operation source="field" to="temp.mtt_m_Data_availability/output/Object_Name">Object Name</operation>
                        <operation source="field" to="temp.mtt_m_Data_availability/output/Run_Id">Run Id</operation>
                        <operation source="field" to="temp.mtt_m_Data_availability/output/Log_Id">Log Id</operation>
                        <operation source="field" to="temp.mtt_m_Data_availability/output/Task_Id">Task Id</operation>
                        <operation source="field" to="temp.mtt_m_Data_availability/output/Task_Status">Task Status</operation>
                        <operation source="field"
                                   to="temp.mtt_m_Data_availability/output/Success_Source_Rows">Success Source Rows</operation>
                        <operation source="field"
                                   to="temp.mtt_m_Data_availability/output/Failed_Source_Rows">Failed Source Rows</operation>
                        <operation source="field"
                                   to="temp.mtt_m_Data_availability/output/Success_Target_Rows">Success Target Rows</operation>
                        <operation source="field"
                                   to="temp.mtt_m_Data_availability/output/Failed_Target_Rows">Failed Target Rows</operation>
                        <operation source="field" to="temp.mtt_m_Data_availability/output/Start_Time">Start Time</operation>
                        <operation source="field" to="temp.mtt_m_Data_availability/output/End_Time">End Time</operation>
                        <operation source="field" to="temp.mtt_m_Data_availability/output/Error_Message">Error Message</operation>
                        <operation source="field"
                                   to="temp.mtt_m_Data_availability/output/TotalTransErrors">Total Transformation Errors</operation>
                        <operation source="field" to="temp.mtt_m_Data_availability/output/FirstErrorCode">First Error Code</operation>
                     </serviceOutput>
                  </service>
                  <link id="ltwcscyt" targetId="ltwcscys"/>
                  <events>
                     <catch faultField="temp.mtt_m_Data_availability/fault"
                            id="ltwcscx5"
                            interrupting="true"
                            name="error">
                        <suspend/>
                     </catch>
                     <catch faultField="temp.mtt_m_Data_availability/fault"
                            id="ltwcscx6"
                            interrupting="true"
                            name="warning"/>
                  </events>
               </eventContainer>
               <container id="ltwcscys" type="exclusive">
                  <title>Decision 1</title>
                  <flow id="ltwcscyw">
                     <service id="ltwcsczv">
                        <title>Notification Task 1</title>
                        <serviceName>emailNotificationService</serviceName>
                        <serviceGUID/>
                        <serviceInput>
                           <parameter name="Email To" source="constant">nic.iics22@rediffmail.com</parameter>
                           <parameter name="Email Cc" source="constant"/>
                           <parameter name="Email Bcc" source="constant"/>
                           <parameter name="Email Subject" source="constant">Data is available for today, proceeding with data load</parameter>
                           <parameter name="Email Content Type" source="constant">html</parameter>
                           <parameter name="Email Body" source="constant"/>
                        </serviceInput>
                        <serviceOutput/>
                        <link id="ltwcsd07" targetId="ltwcsd1f"/>
                     </service>
                     <eventContainer id="ltwcsd1f">
                        <service id="ltwcsd06">
                           <title>mtt_SCD_Type_2_date</title>
                           <serviceName>ICSExecuteDataTask</serviceName>
                           <serviceGUID/>
                           <serviceInput>
                              <parameter name="Wait for Task to Complete" source="constant" updatable="true">true</parameter>
                              <parameter name="Max Wait" source="constant" updatable="true">604800</parameter>
                              <parameter name="Task Name" source="constant" updatable="true">mtt_SCD_Type_2_date</parameter>
                              <parameter name="GUID" source="constant" updatable="true">86PjJNLAPY9gPxv7GS6IYb</parameter>
                              <parameter name="Task Type" source="constant" updatable="true">MCT</parameter>
                              <parameter name="Has Inout Parameters" source="constant" updatable="true">false</parameter>
                              <parameter name="taskField" source="nested">
                                 <operation source="field" to="mtt-SCD-Type-2-date">temp.mtt_SCD_Type_2_date</operation>
                              </parameter>
                           </serviceInput>
                           <serviceOutput>
                              <operation source="field" to="temp.mtt_SCD_Type_2_date/output/Object_Name">Object Name</operation>
                              <operation source="field" to="temp.mtt_SCD_Type_2_date/output/Run_Id">Run Id</operation>
                              <operation source="field" to="temp.mtt_SCD_Type_2_date/output/Log_Id">Log Id</operation>
                              <operation source="field" to="temp.mtt_SCD_Type_2_date/output/Task_Id">Task Id</operation>
                              <operation source="field" to="temp.mtt_SCD_Type_2_date/output/Task_Status">Task Status</operation>
                              <operation source="field" to="temp.mtt_SCD_Type_2_date/output/Success_Source_Rows">Success Source Rows</operation>
                              <operation source="field" to="temp.mtt_SCD_Type_2_date/output/Failed_Source_Rows">Failed Source Rows</operation>
                              <operation source="field" to="temp.mtt_SCD_Type_2_date/output/Success_Target_Rows">Success Target Rows</operation>
                              <operation source="field" to="temp.mtt_SCD_Type_2_date/output/Failed_Target_Rows">Failed Target Rows</operation>
                              <operation source="field" to="temp.mtt_SCD_Type_2_date/output/Start_Time">Start Time</operation>
                              <operation source="field" to="temp.mtt_SCD_Type_2_date/output/End_Time">End Time</operation>
                              <operation source="field" to="temp.mtt_SCD_Type_2_date/output/Error_Message">Error Message</operation>
                              <operation source="field" to="temp.mtt_SCD_Type_2_date/output/TotalTransErrors">Total Transformation Errors</operation>
                              <operation source="field" to="temp.mtt_SCD_Type_2_date/output/FirstErrorCode">First Error Code</operation>
                           </serviceOutput>
                        </service>
                        <link id="ltwcsd6o" targetId="ltwcsd6n"/>
                        <events>
                           <catch faultField="temp.mtt_SCD_Type_2_date/fault"
                                  id="ltwcsd1d"
                                  interrupting="true"
                                  name="error">
                              <suspend/>
                           </catch>
                           <catch faultField="temp.mtt_SCD_Type_2_date/fault"
                                  id="ltwcsd1e"
                                  interrupting="true"
                                  name="warning"/>
                        </events>
                     </eventContainer>
                     <subflow id="ltwcsd6n">
                        <title>source_team_taskflow</title>
                        <subflowGUID>3oqWr4gPeielwtydBKfoIF</subflowGUID>
                        <subflowPath>source_team_taskflow</subflowPath>
                        <runForEach>false</runForEach>
                        <input/>
                        <outputDef/>
                     </subflow>
                     <link id="ltwcscyx" targetId="ltwcscys" type="containerLink"/>
                  </flow>
                  <flow id="ltwcscyz">
                     <assignment id="ltwcsd3d">
                        <title>Assignment 1</title>
                        <operation source="formula" to="output.cnt">
                           <expression language="XQuery">$output.cnt +1</expression>
                        </operation>
                        <link id="ltwcsd3e" targetId="ltwcsd2o"/>
                     </assignment>
                     <service id="ltwcsd2o">
                        <title>Notification Task 2</title>
                        <serviceName>emailNotificationService</serviceName>
                        <serviceGUID/>
                        <serviceInput>
                           <parameter name="Email To" source="constant">nic.iics22@rediffmail.com</parameter>
                           <parameter name="Email Cc" source="constant"/>
                           <parameter name="Email Bcc" source="constant"/>
                           <parameter name="Email Subject" source="constant">Data is not available, wait for sometime</parameter>
                           <parameter name="Email Content Type" source="constant">html</parameter>
                           <parameter name="Email Body" source="constant">&lt;p&gt;Number of wait count: {$output.cnt}&lt;/p&gt;</parameter>
                        </serviceInput>
                        <serviceOutput/>
                        <link id="ltwcsd4c" targetId="ltwcsd4b"/>
                     </service>
                     <container id="ltwcsd4b" type="exclusive">
                        <title>Decision 2</title>
                        <flow id="ltwcsd4f">
                           <wait id="ltwcsd4z">
                              <title>Wait 1</title>
                              <duration source="formula">
                                 <function name="duration_expression">
                                    <arg name="value">1</arg>
                                    <arg name="scale">M</arg>
                                    <arg name="businessDays"/>
                                 </function>
                              </duration>
                              <link id="ltwcsd59" targetId="ltwcsd57"/>
                           </wait>
                           <jumpTo id="ltwcsd57">
                              <link id="ltwcsd58" targetId="ltwcscx7"/>
                           </jumpTo>
                        </flow>
                        <flow id="ltwcsd4i">
                           <service id="ltwcsd67">
                              <title>Notification Task 3</title>
                              <serviceName>emailNotificationService</serviceName>
                              <serviceGUID/>
                              <serviceInput>
                                 <parameter name="Email To" source="constant">nic.iics22@rediffmail.com</parameter>
                                 <parameter name="Email Cc" source="constant"/>
                                 <parameter name="Email Bcc" source="constant"/>
                                 <parameter name="Email Subject" source="constant">3 times no data</parameter>
                                 <parameter name="Email Content Type" source="constant">html</parameter>
                                 <parameter name="Email Body" source="constant"/>
                              </serviceInput>
                              <serviceOutput/>
                              <link id="ltwcsd68" targetId="ltwcsd5i"/>
                           </service>
                           <throw id="ltwcsd5i">
                              <title>Throw 1</title>
                              <throwInput>
                                 <parameter name="code" source="constant" updatable="true">{$temp.mtt_m_Data_availability[1]/fault}</parameter>
                                 <parameter name="detail" source="constant" updatable="true"/>
                                 <parameter name="reason" source="constant" updatable="true"/>
                              </throwInput>
                           </throw>
                        </flow>
                        <link id="ltwcsd4e" targetId="ltwcsd4f" type="containerLink">
                           <condition source="formula">
                              <function name="less-than">
                                 <arg name="left">{$output.cnt}</arg>
                                 <arg name="right">{3}</arg>
                              </function>
                           </condition>
                        </link>
                        <link id="ltwcsd4h" targetId="ltwcsd4i" type="containerLink"/>
                     </container>
                  </flow>
                  <link id="ltwcscyv" targetId="ltwcscyw" type="containerLink">
                     <condition source="formula">
                        <function name="greater-than">
                           <arg name="left">{$temp.mtt_m_Data_availability[1]/output[1]/Success_Source_Rows}</arg>
                           <arg name="right">{0}</arg>
                        </function>
                     </condition>
                  </link>
                  <link id="ltwcscyy" targetId="ltwcscyz" type="containerLink"/>
                  <link id="ltwcscyu" targetId="c"/>
               </container>
               <end id="c"/>
            </flow>
            <dependencies>
               <processObject xmlns="http://schemas.active-endpoints.com/appmodules/screenflow/2011/06/avosHostEnvironment.xsd"
                              displayName="mtt-m-Data-availability"
                              isByCopy="true"
                              name="mtt-m-Data-availability">
                  <description/>
                  <tags/>
                  <detail>
                     <field label="TaskProperties Parameters"
                            name="taskProperties"
                            nullable="true"
                            required="false"
                            type="reference"/>
                     <field label="Output Parameters"
                            name="output"
                            nullable="true"
                            required="false"
                            type="reference"/>
                     <field label="Fault"
                            name="fault"
                            nullable="true"
                            required="false"
                            type="reference"/>
                     <field label="Max Wait (Seconds)"
                            name="Max_Wait"
                            nullable="true"
                            required="false"
                            type="int"/>
                  </detail>
               </processObject>
               <processObject xmlns="http://schemas.active-endpoints.com/appmodules/screenflow/2011/06/avosHostEnvironment.xsd"
                              displayName="mtt-SCD-Type-2-date"
                              isByCopy="true"
                              name="mtt-SCD-Type-2-date">
                  <description/>
                  <tags/>
                  <detail>
                     <field label="TaskProperties Parameters"
                            name="taskProperties"
                            nullable="true"
                            required="false"
                            type="reference"/>
                     <field label="Output Parameters"
                            name="output"
                            nullable="true"
                            required="false"
                            type="reference"/>
                     <field label="Fault"
                            name="fault"
                            nullable="true"
                            required="false"
                            type="reference"/>
                     <field label="Max Wait (Seconds)"
                            name="Max_Wait"
                            nullable="true"
                            required="false"
                            type="int"/>
                  </detail>
               </processObject>
               <processObject xmlns="http://schemas.active-endpoints.com/appmodules/screenflow/2011/06/avosHostEnvironment.xsd"
                              displayName="InternalInfaSubTaskflowField"
                              isByCopy="true"
                              name="InternalInfaSubTaskflowField">
                  <description>This process object represents a subtaskflow type reference field.</description>
                  <tags/>
                  <detail/>
               </processObject>
            </dependencies>
         </taskflow>
      </types1:Entry>
      <types1:GUID>4Oc9njLgKP8lhPTSUFnPqi</types1:GUID>
      <types1:DisplayName>Taskflow4</types1:DisplayName>
   </types1:Item>
   <types1:CurrentServerDateTime>2024-03-21T02:39:41.795Z</types1:CurrentServerDateTime>
</aetgt:getResponse>
