<aetgt:getResponse xmlns:aetgt="http://schemas.active-endpoints.com/appmodules/repository/2010/10/avrepository.xsd"
                   xmlns:types1="http://schemas.active-endpoints.com/appmodules/repository/2010/10/avrepository.xsd">
   <types1:Item>
      <types1:EntryId>8rWLU6S6fPAreFR-gt-12100803-2023-09-30T14:54:03.995Z::po.xml</types1:EntryId>
      <types1:Name>customerdata</types1:Name>
      <types1:ParentFlowIds>Kqpw0VPNzUzeA8r-gt-12100901-2023-09-30T14:54:04.558Z::pd.xml</types1:ParentFlowIds>
      <types1:MimeType>application/xml+processobject</types1:MimeType>
      <types1:Description/>
      <types1:AppliesTo/>
      <types1:Tags/>
      <types1:VersionLabel>1.0</types1:VersionLabel>
      <types1:State>CURRENT</types1:State>
      <types1:ProcessGroup/>
      <types1:CreatedBy>fanater297@gekme.com</types1:CreatedBy>
      <types1:CreationDate>2023-09-30T14:54:04Z</types1:CreationDate>
      <types1:ModifiedBy>fanater297@gekme.com</types1:ModifiedBy>
      <types1:ModificationDate>2023-09-30T15:00:39Z</types1:ModificationDate>
      <types1:PublicationStatus>unpublished</types1:PublicationStatus>
      <types1:AutosaveExists>false</types1:AutosaveExists>
      <types1:Entry>
         <processObject xmlns="http://schemas.active-endpoints.com/appmodules/screenflow/2011/06/avosHostEnvironment.xsd"
                        displayName="customerdata"
                        isByCopy="true"
                        name="customerdata">
            <description/>
            <tags/>
            <detail>
               <field label="customerId"
                      name="customerId"
                      nullable="true"
                      required="false"
                      type="double">
                  <options/>
               </field>
               <field label="customerName"
                      name="customerFirstName"
                      nullable="true"
                      required="false"
                      type="string">
                  <options/>
               </field>
               <field label="customerLastName"
                      name="customerLastName"
                      nullable="true"
                      required="false"
                      type="string">
                  <options/>
               </field>
               <field label="customerPhone"
                      name="customerPhone"
                      nullable="true"
                      required="false"
                      type="string">
                  <options/>
               </field>
            </detail>
         </processObject>
      </types1:Entry>
      <types1:GUID>0Iep5gIw5I0bS1jwq87oWC</types1:GUID>
      <types1:DisplayName>customerdata</types1:DisplayName>
   </types1:Item>
   <types1:CurrentServerDateTime>2023-10-02T02:40:44.419Z</types1:CurrentServerDateTime>
</aetgt:getResponse>
