<aetgt:getResponse xmlns:aetgt="http://schemas.active-endpoints.com/appmodules/repository/2010/10/avrepository.xsd"
                   xmlns:types1="http://schemas.active-endpoints.com/appmodules/repository/2010/10/avrepository.xsd">
   <types1:Item>
      <types1:EntryId>x1Y6tMFyglsO7RY-gt-11819310-2023-09-30T14:54:03.638Z::pd.xml</types1:EntryId>
      <types1:Name>p_calculator_addition</types1:Name>
      <types1:MimeType>application/xml+process</types1:MimeType>
      <types1:Description/>
      <types1:AppliesTo/>
      <types1:Tags/>
      <types1:VersionLabel>1.0</types1:VersionLabel>
      <types1:State>CURRENT</types1:State>
      <types1:ProcessGroup/>
      <types1:CreatedBy>fanater297@gekme.com</types1:CreatedBy>
      <types1:CreationDate>2023-09-30T14:54:04Z</types1:CreationDate>
      <types1:ModifiedBy>fanater297@gekme.com</types1:ModifiedBy>
      <types1:ModificationDate>2023-09-30T15:00:39Z</types1:ModificationDate>
      <types1:PublicationStatus>unpublished</types1:PublicationStatus>
      <types1:AutosaveExists>false</types1:AutosaveExists>
      <types1:Entry>
         <process xmlns="http://schemas.active-endpoints.com/appmodules/screenflow/2010/10/avosScreenflow.xsd"
                  xmlns:tfm="http://schemas.active-endpoints.com/appmodules/screenflow/2021/04/taskflowModel.xsd"
                  xmlns:list="urn:activevos:spi:list:functions"
                  displayName="p_calculator_addition"
                  name="p_calculator_addition"
                  overrideAPIName="false">
            <parameterSet xmlns="http://schemas.active-endpoints.com/appmodules/screenflow/2021/04/taskflowModel.xsd"/>
            <appliesTo/>
            <description/>
            <tags/>
            <generator>Informatica Process Designer 11</generator>
            <input>
               <parameter description="" name="num1" required="true" type="int">
                  <options>
                     <option name="required">false</option>
                  </options>
               </parameter>
               <parameter description="" name="num2" required="true" type="int">
                  <options>
                     <option name="required">false</option>
                  </options>
               </parameter>
            </input>
            <output>
               <field description="" name="addition" type="int">
                  <options>
                     <option name="required">false</option>
                  </options>
               </field>
            </output>
            <notes/>
            <deployment skipIfRunning="false" suspendOnFault="false" tracingLevel="none">
               <rest>
                  <allowedUsers>
                     <user>nic.iics17@rediffmail.com</user>
                  </allowedUsers>
                  <additionalConstraint>
                     <constraint>APIM</constraint>
                  </additionalConstraint>
               </rest>
            </deployment>
            <flow id="a">
               <start id="b">
                  <link id="lme98mu4" targetId="lme98mu3"/>
               </start>
               <assignment id="lme98mu3">
                  <title>Assignment to addition</title>
                  <operation source="formula" to="output.addition">
                     <expression language="XQuery">sum(($input.num1,$input.num2), 0)</expression>
                  </operation>
                  <link id="lme98mu5" targetId="c"/>
               </assignment>
               <end id="c"/>
            </flow>
         </process>
      </types1:Entry>
      <types1:GUID>2vis3VyGhQBfsCdpfcdlUF</types1:GUID>
      <types1:DisplayName>p_calculator_addition</types1:DisplayName>
   </types1:Item>
   <types1:CurrentServerDateTime>2023-10-02T02:40:44.404Z</types1:CurrentServerDateTime>
</aetgt:getResponse>
