<aetgt:getResponse xmlns:aetgt="http://schemas.active-endpoints.com/appmodules/repository/2010/10/avrepository.xsd"
                   xmlns:types1="http://schemas.active-endpoints.com/appmodules/repository/2010/10/avrepository.xsd">
   <types1:Item>
      <types1:EntryId>3yD7tyGoQwg74Rp-gt-11819322-2023-09-30T14:54:03.688Z::pd.xml</types1:EntryId>
      <types1:Name>Process3</types1:Name>
      <types1:MimeType>application/xml+process</types1:MimeType>
      <types1:Description/>
      <types1:AppliesTo/>
      <types1:Tags/>
      <types1:VersionLabel>1.0</types1:VersionLabel>
      <types1:State>CURRENT</types1:State>
      <types1:ProcessGroup/>
      <types1:CreatedBy>fanater297@gekme.com</types1:CreatedBy>
      <types1:CreationDate>2023-09-30T14:54:04Z</types1:CreationDate>
      <types1:ModifiedBy>fanater297@gekme.com</types1:ModifiedBy>
      <types1:ModificationDate>2023-09-30T15:00:39Z</types1:ModificationDate>
      <types1:PublicationStatus>unpublished</types1:PublicationStatus>
      <types1:AutosaveExists>false</types1:AutosaveExists>
      <types1:Entry>
         <process xmlns="http://schemas.active-endpoints.com/appmodules/screenflow/2010/10/avosScreenflow.xsd"
                  xmlns:tfm="http://schemas.active-endpoints.com/appmodules/screenflow/2021/04/taskflowModel.xsd"
                  xmlns:list="urn:activevos:spi:list:functions"
                  displayName="Process3"
                  name="Process3"
                  overrideAPIName="false">
            <parameterSet xmlns="http://schemas.active-endpoints.com/appmodules/screenflow/2021/04/taskflowModel.xsd"/>
            <appliesTo/>
            <description/>
            <tags/>
            <generator>Informatica Process Designer 11</generator>
            <input>
               <parameter description="" name="num1" required="true" type="int">
                  <options>
                     <option name="required">false</option>
                  </options>
               </parameter>
               <parameter description="" name="num2" required="true" type="int">
                  <options>
                     <option name="required">false</option>
                  </options>
               </parameter>
            </input>
            <output>
               <field description="" name="result" type="int">
                  <options>
                     <option name="required">false</option>
                     <option name="initialvalue">0</option>
                  </options>
               </field>
            </output>
            <notes/>
            <deployment skipIfRunning="false" suspendOnFault="false" tracingLevel="none">
               <rest>
                  <allowedUsers>
                     <user>nic.iics17@rediffmail.com</user>
                  </allowedUsers>
                  <additionalConstraint>
                     <constraint>APIM</constraint>
                  </additionalConstraint>
               </rest>
            </deployment>
            <flow id="a">
               <start id="b">
                  <link id="lme39evk" targetId="lme39evj"/>
               </start>
               <assignment id="lme39evj">
                  <title>Assignment to result</title>
                  <operation source="formula" to="output.result">
                     <expression language="XQuery">sum(($input.num1,$input.num2),0)</expression>
                  </operation>
                  <link id="lme39evl" targetId="c"/>
               </assignment>
               <end id="c"/>
            </flow>
         </process>
      </types1:Entry>
      <types1:GUID>g927AZRL1ESdGlHVSR6vCd</types1:GUID>
      <types1:DisplayName>Process3</types1:DisplayName>
   </types1:Item>
   <types1:CurrentServerDateTime>2023-10-02T02:40:44.372Z</types1:CurrentServerDateTime>
</aetgt:getResponse>
